# Clé 1634, version figée r31 (sha1 d'origine 2c434918, 04:01:06Z) ; lecture à l'aveugle de D.145 (n°74).
# Clé reconstruite par nous depuis des paires chiffré / déchiffrement d'époque (AHNOB, SANTA CRUZ, C.51). Licence CC BY 4.0.
# Statuts : PROUVÉ / PROUVE = ≥ 2 contextes dans ≥ 2 lettres (seul compté compris dans les taux officiels) ; PROUVÉ-1lettre / PROUVE_1L = ≥ 2 contextes dans une lettre ;
# HYP = 1 contexte ; DOUBLE / CONTRADICTION = signe à deux valeurs (NON compris partout) ; NUL? = nul probable. Contextes = pièce:ligne (et, pour 1634, n° de groupe) + mot du descifrado.
# Valeurs normalisées : y→i, b/v→u, z→ç (orthographe d'époque). Les lignes de données sont identiques au fichier figé d'origine (empreinte citée), sauf la suppression de chemins de fichiers internes.
jeton	valeur	statut	nb_ctx_F	contextes
t	a	PROUVE	97	r28:F:30:D128:L2#9:a,D128:L2#11:a,D128:L4#16:a,D128:L5#4:a,D128:L5#17:a,D128:L7#12:a,D128:L7#14:a,D128:L7#18:a,D128:L10#7:a,D128:L10#15:a,D128:L11#2:a,D128:L11#10:a,D128:L12#15:a,D128:L15#8:a,D128:L18#15:a,D128:L19#17:a,D128:L20#12:a,D128:L21#19:a,D128:L22#16:a,D128:L23#15:a,D128:L23#22:a,D128:L25#7:a,D128:L25#22:a,D128:L26#2:a,D128:L26#6:a,D128:L26#19:a,D128:L27#11:a,D128:L28#19:a,D128:L31#1:a,D128:L31#3:a || r27:F:3:D126:L2#10:a,D126:L2#18:a,D126:L8#14:a || r26:F:13:D121:L1#6:a,D121:L1#8:a,D121:L1#11:a,D121:L2#13:a,D121:L3#9:a,D121:L4#4:a,D121:L5#18:a,D121:L6#13:a,D121:L6#16:a,D121:L9#3:a,D121:L9#15:a,D121:L10#14:a,D121:L11#1:a || r25:F:4:D101:L1#14:a,D101:L2#4:a,D101:L4#2:a,D101:L8#6:a || D114:F:10:L2#8:a,L3#9:a,L6#3:a,L10#6:a,L11#6:a,L12#4:a,L12#10:a,L20#13:a,L24#8:a,L24#18:a || F:a:p1L10-a(que),p1L11-acuda+glose,p1L16-embiar,p1L17-aprobar,p1L20-adelante,p1L22-queria,p1L4-haviades,p1L7-a(proposito),p1L8-a(pretado),p2L11-Alemanes,p2L11-al(Cardenal),p2L11-ha(encargado),p2L15-albaneses,p2L17-Alemanes,p2L2-diferencia,p2L2-havia,p2L20-aca,p2L20-embiaran,p2L21-Alemanes,p2L3-a(ocho),p2L7-han,p2L8-aora,p2L8-aprieto,p3L10-acuerdo,p3L11-al(Turco),p3L11-mia,p3L11-podria,p3L12-havremos,p3L14-desabrigadas,p3L15-desapercevido,p3L16-al(embaxador),p3L6-a(Milan),p3L6-a(tiempo),p3L7-a(que pasen),p3L8-Aragon,p3L8-Valencia(a1),p3L8-Valencia(a2); f:a:p2L1-para
∓	s	PROUVE	109	r31:F:28:D148:L3#14:s,D148:L4#1:s,D148:L8#3:s,D148:L12#1:s,D148:L12#6:s,D148:L12#14:s,D148:L13#4:s,D148:L13#9:s,D148:L16#11:s,D148:L16#13:s,D148:L16#17:s,D148:L20#2:s,D148:L20#16:s,D148:L21#17:s,D148:L25#12:s,D148:L25#16:s,D148:L28#13:s,D148:L35#4:s,D148:L35#6:s,D148:L36#5:s,D148:L37#11:s,D148:L41#9:s,D148:L42#3:s,D148:L42#6:s,D148:L47#17:s,D148:L48#2:s,D148:L52#17:s,D148:L53#5:s || r28 : D.128 L2#14 noté ∓ = t (« tres ») → confusion de FORME ∫/∓ probable dans ma v1 ; valeur s conservée || r28:DISCORDANT:D128:L2#14:t || r28:F:23:D128:L1#7:s,D128:L3#2:s,D128:L3#9:s,D128:L3#21:s,D128:L4#10:s,D128:L5#16:s,D128:L6#2:s,D128:L6#12:s,D128:L7#5:s,D128:L7#16:s,D128:L8#7:s,D128:L8#17:s,D128:L12#20:s,D128:L15#11:s,D128:L17#15:s,D128:L18#7:s,D128:L21#21:s,D128:L22#13:s,D128:L24#18:s,D128:L26#12:s,D128:L27#16:s,D128:L28#18:s,D128:L28#21:s || r26:F:3:D121:L2#15:s,D121:L3#7:s,D121:L11#12:s || r25 TABLE DE GLYPHES : ∓ = trait LONG PENCHÉ à tête en crochet (s) ; D.103 v2 : s ×2, les 17 « a » de v1 = ≠ court droit || r25:F:9:D101:L2#15:s,D101:L3#2:s,D101:L3#10:s,D101:L5#16:s,D101:L7#9:s,D101:L7#19:s,D101:L8#8:s,D103v2:L1#4:s,D103v2:L7#1:s || r24 ⚠ r24 : dans D.103 v1 la notation ∓ couvre ≠ court (= a ×17 : haverse, obliga a, ha atacado, al…) ET ∓ (= s ×3 : Los, vanderas, estados) → sur toute nouvelle transcription, décider ≠/∓ à l'image ; douteux = N || D114:F:14:L1#9:s,L3#12:s,L4#20:s,L10#1:s,L10#8:s,L13#4:s,L14#11:s,L14#17:s,L16#12:s,L17#15:s,L18#5:s,L21#12:s,L21#17:s,L24#13:s || F:s:p1L13-las,p1L14-consignadas,p1L19-desde,p1L19-los(exercitos),p1L20-mes,p1L4-haviades,p1L7-respondido+glose,p2L11-Alemanes,p2L15-albaneses,p2L17-los(Alemanes),p2L18-Alemanes,p2L19-españoles(fin),p2L21-Alemanes,p2L21-los(Alemanes),p2L22-los(napolitanos),p2L22-napolitanos,p2L23-dos,p2L23-los(hasta),p2L3-dos,p2L7-los(que han),p2L8-mas,p3L11-despertar,p3L12-havremos,p3L14-desabrigadas(s1),p3L14-desabrigadas(s2),p3L14-las(costas),p3L15-desapercevido,p3L2-españoles(fin),p3L3-las(galeras),p3L5-bolvieredes,p3L6-sardos,p3L8-españoles(fin)
7	l	PROUVE	55	r31:F:1:D148:L21#15:l || r30:F:1:D134:L11#13:l || r27:F:5:D126:L2#19:l,D126:L4#4:l,D126:L8#3:l,D126:L10#14:l,D126:L12#2:l || r25:F:2:D101:L6#10:l,D101:L7#17:l || D103:F:2:L15#2:l,L17#15:l || D114:F:16:L1#3:l,L2#2:l,L4#5:l,L8#18:l,L9#14:l,L11#13:l,L12#1:l,L13#15:l,L15#6:l,L15#13:l,L17#8:l,L17#17:l,L19#3:l,L19#17:l,L21#2:l,L22#17:l || F:l:p1L12-el(dinero),p1L16-el(dinero),p1L20-el(mes),p1L4-Marsella,p1L6-el,p1L8-el,p1L9-falta,p2L1-el,p2L11-al(Cardenal),p2L12-el(Principe),p2L15-albaneses,p2L20-el(estado),p2L23-el(numero),p2L23-mil,p2L3-mil,p2L3-mil(caballos),p2L6-del(parlamento),p2L7-llegado,p2L9-resueltamente,p3L1-el(verano),p3L10-mal,p3L12-al(Turco),p3L12-el(año),p3L14-el(estado),p3L16-al(embaxador),p3L2-Marsella,p3L3-del(estado),p3L8-faltan
he	de	PROUVE	120	r31:F:6:D148:L1#6:de,D148:L1#7:de,D148:L4#2:de,D148:L16#9:de,D148:L18#2:de,D148:L50#10:de || r30:F:7:D134:L3#3:de,D134:L11#17:de,D134:L12#3:de,D134:L14#3:de,D134:L17#10:de,D134:L18#12:de,D134:L24#9:de || r28:F:25:D128:L1#5:de,D128:L1#8:de,D128:L4#14:de,D128:L5#10:de,D128:L5#15:de,D128:L6#3:de,D128:L6#7:de,D128:L6#10:de,D128:L7#15:de,D128:L8#1:de,D128:L8#6:de,D128:L10#16:de,D128:L11#6:de,D128:L12#1:de,D128:L12#8:de,D128:L12#12:de,D128:L13#1:de,D128:L15#17:de,D128:L16#4:de,D128:L16#17:de,D128:L17#13:de,D128:L19#8:de,D128:L26#14:de,D128:L29#3:de,D128:L29#9:de || r27:F:14:D126:L1#8:de,D126:L1#10:de,D126:L1#13:de,D126:L2#11:de,D126:L3#6:de,D126:L4#18:de,D126:L5#17:de,D126:L8#5:de,D126:L10#6:de,D126:L11#6:de,D126:L12#1:de,D126:L12#7:de,D126:L12#10:de,D126:L12#19:de || r26:F:3:D121:L2#14:de,D121:L7#15:de,D121:L10#1:de || r25:F:5:D101:L3#3:de,D101:L4#5:de,D101:L6#1:de,D101:L7#1:de,D101:L7#8:de || D103:F:15:L3#3:de,L6#7:de,L6#15:de,L7#4:de,L7#8:de,L7#21:de,L12#7:de,L16#10:de,L16#22:de,L17#22:de,L18#18:de,L19#14:de,L20#9:de,L21#9:de,L21#16:de || D114:F:19:L2#1:de,L4#17:de,L5#5:de,L6#12:de,L6#17:de,L8#8:de,L11#3:de,L11#14:de,L11#19:de,L12#7:de,L12#13:de,L14#16:de,L15#5:de,L19#4:de,L23#16:de,L24#12:de,L24#21:de,L25#10:de,L25#13:de || F:de:p1L10-defensa,p1L10-desta,p1L13-de(dinero),p1L13-de(este),p1L18-de(ver),p1L18-puede,p1L19-desde,p1L20-adelante,p1L20-de(el mes),p1L20-de(setiembre),p1L4-haviades,p1L9-de(dinero),p2L2-de(siete),p2L20-de(Milan),p2L21-de(los),p2L3-de(artilleria),p2L4-de(salir),p2L6-del(parlamento),p3L11-despertar,p3L12-de(tener),p3L14-desabrigadas,p3L14-dexando,p3L15-de(Milan),p3L15-desapercevido,p3L17-reside,p3L5-bolvieredes
m	r	PROUVE	58	r28:F:7:D128:L4#17:r,D128:L5#7:r,D128:L8#3:r,D128:L10#18:r,D128:L15#6:r,D128:L23#6:r,D128:L27#14:r || r27:F:7:D126:L4#16:r,D126:L6#9:r,D126:L8#7:r,D126:L10#19:r,D126:L12#5:r,D126:L12#13:r,D126:L13#1:r || r26:F:5:D121:L3#14:r,D121:L5#5:r,D121:L7#13:r,D121:L9#20:r,D121:L11#2:r || r25:F:3:D101:L1#9:r,D101:L5#2:r,D101:L8#4:r || D114:F:12:L3#7:r,L5#19:r,L6#8:r,L10#20:r,L11#11:r,L12#11:r,L12#20:r,L16#16:r,L18#12:r,L23#1:r,L23#12:r,L25#19:r || F:r:p1L10-lugar,p1L12-proveer,p1L16-embiar,p1L17-aprobar,p1L18-temer,p1L18-ver,p1L4-Marsella,p1L8-monarquia,p2L11-encargado,p2L14-encaminar,p2L21-conseguir,p2L4-salir,p2L6-parlamento,p3L11-acuerdo,p3L11-despertar(r1),p3L11-despertar(r2),p3L13-conseguirlo,p3L15-desapercevido,p3L16-embaxador,p3L2-Marsella,p3L4-embiar,p3L4-intentar,p3L6-sardos,p3L9-jornada; f:r:p1L22-mandar
cil	que	PROUVE	34	r28:F:6:D128:L5#2:que,D128:L10#1:que,D128:L17#3:que,D128:L18#14:que,D128:L25#9:que,D128:L30#7:que || r27:F:3:D126:L8#1:que,D126:L8#18:que,D126:L13#6:que || r26:F:1:D121:L11#15:que || D103:F:1:L19#17:que || F:que:p1L12-que(se le),p1L13-que(las),p1L4-que(le),p1L5-que(dice),p2L1-que(tuviere),p2L11-que(ha encargado),p2L13-que(tiene),p2L15-porque+glose,p2L20-que(se embiaran),p2L20-que(si no),p2L20-quedara,p2L22-que(tiene),p2L5-que(huviere),p2L7-que(han),p2L8-que(Francia),p3L1-que(se intente),p3L1-que(viene),p3L12-que(havremos),p3L12-que(viene),p3L15-que(esta),p3L16-que(al embaxador),p3L3-que(se podra),p3L7-que(pasen)
tes	se	PROUVE	89	r31:F:18:D148:L2#3:se,D148:L5#1:se,D148:L5#13:se,D148:L5#15:se,D148:L14#1:se,D148:L14#13:se,D148:L14#17:se,D148:L15#9:se,D148:L20#4:se,D148:L21#5:se,D148:L33#2:se,D148:L36#8:se,D148:L38#7:se,D148:L43#5:se,D148:L43#15:se,D148:L48#11:se,D148:L49#1:se,D148:L50#11:se || r30:F:6:D134:L7#3:se,D134:L7#13:se,D134:L8#3:se,D134:L10#15:se,D134:L14#4:se,D134:L21#8:se || r28 : D.128 L2#6 descifrado « solo » là où le chiffré lit « se lo » (faute du chiffreur ou correction du déchiffreur) ; valeur se conservée || r28:DISCORDANT:D128:L2#6:so || r28:F:18:D128:L4#11:se,D128:L8#10:se,D128:L8#14:se,D128:L9#6:se,D128:L10#17:se,D128:L11#8:se,D128:L11#17:se,D128:L13#9:se,D128:L14#16:se,D128:L19#4:se,D128:L19#13:se,D128:L19#16:se,D128:L20#6:se,D128:L20#9:se,D128:L23#10:se,D128:L23#20:se,D128:L24#14:se,D128:L29#12:se || r27:F:1:D126:L5#2:se || r26:F:7:D121:L1#4:se,D121:L4#1:se,D121:L4#5:se,D121:L4#11:se,D121:L4#14:se,D121:L6#10:se,D121:L10#11:se || r25:F:2:D101:L1#5:se,D101:L1#12:se || D103:F:11:L2#17:se,L10#12:se,L11#11:se,L12#13:se,L13#3:se,L16#7:se,L16#11:se,L17#18:se,L19#15:se,L21#2:se,L23#1:se || D114:F:6:L3#1:se,L3#16:se,L7#5:se,L7#18:se,L8#15:se,L15#3:se || F:se:p1L10-se(trate),p1L11-se+glose,p1L12-se(le),p1L18-se(puede),p1L20-setiembre,p1L22-cassele,p1L4-Marsella,p2L15-albaneses,p2L16-se(tiene),p2L20-se(embiaran),p2L21-conseguir,p3L1-se(intente),p3L11-se(podria),p3L13-conseguirlo,p3L17-se(le diga),p3L2-Marsella,p3L3-se(podra),p3L4-se(podra2),p3L6-sera,p3L7-pasen; G:se:p2L15-glose
ho	do	PROUVE	100	r31:F:20:D148:L1#20:do,D148:L3#11:do,D148:L6#1:do,D148:L6#7:do,D148:L8#16:do,D148:L10#12:do,D148:L11#12:do,D148:L17#14:do,D148:L19#16:do,D148:L21#13:do,D148:L22#4:do,D148:L26#19:do,D148:L28#2:do,D148:L33#13:do,D148:L37#2:do,D148:L37#15:do,D148:L40#1:do,D148:L45#7:do,D148:L52#3:do,D148:L53#2:do || r30:F:10:D134:L3#13:do,D134:L6#11:do,D134:L7#11:do,D134:L13#7:do,D134:L14#1:do,D134:L15#16:do,D134:L20#9:do,D134:L21#15:do,D134:L23#4:do,D134:L24#14:do || r28:F:11:D128:L5#3:do,D128:L5#9:do,D128:L12#6:do,D128:L15#10:do,D128:L16#11:do,D128:L18#11:do,D128:L26#3:do,D128:L27#4:do,D128:L27#8:do,D128:L28#5:do,D128:L30#4:do || r27:F:8:D126:L2#14:do,D126:L5#10:do,D126:L6#2:do,D126:L6#4:do,D126:L6#11:do,D126:L7#5:do,D126:L8#8:do,D126:L10#18:do || r26:F:9:D121:L1#10:do,D121:L2#4:do,D121:L5#2:do,D121:L5#8:do,D121:L6#17:do,D121:L7#2:do,D121:L9#8:do,D121:L10#16:do,D121:L11#5:do || r25:F:1:D101:L2#2:do || D103:F:13:L2#20:do,L10#2:do,L10#9:do,L10#18:do,L11#2:do,L12#12:do,L14#1:do,L14#5:do,L15#10:do,L16#19:do,L19#10:do,L19#20:do,L22#3:do || D114:F:10:L2#10:do,L4#1:do,L4#16:do,L9#1:do,L11#2:do,L13#10:do,L14#7:do,L15#10:do,L16#4:do,L18#15:do || F:do:p1L11-todo,p1L17-puedo,p1L5-comunicado,p1L6-haviendo,p1L7-respondido,p1L9-apretado,p2L11-encargado,p2L23-cumpliendo,p2L23-dos,p2L3-dos,p2L6-sacado,p2L8-llegado,p3L11-acuerdo,p3L14-dexando,p3L15-desapercevido,p3L16-embaxador,p3L16-mandado,p3L6-sardos
pan	la	PROUVE	76	r31:F:19:D148:L2#16:la,D148:L7#4:la,D148:L11#4:la,D148:L11#19:la,D148:L15#20:la,D148:L19#2:la,D148:L22#17:la,D148:L27#10:la,D148:L29#6:la,D148:L31#12:la,D148:L34#15:la,D148:L35#3:la,D148:L35#10:la,D148:L37#8:la,D148:L38#10:la,D148:L40#4:la,D148:L44#7:la,D148:L49#8:la,D148:L53#4:la || r30:DISCORDANT:D134:L12#4:lo || r30:F:5:D134:L3#6:la,D134:L3#15:la,D134:L5#2:la,D134:L5#18:la,D134:L14#14:la || r28:F:10:D128:L4#1:la,D128:L6#4:la,D128:L8#12:la,D128:L9#18:la,D128:L10#8:la,D128:L12#3:la,D128:L19#18:la,D128:L22#12:la,D128:L28#8:la,D128:L30#10:la || r27:F:5:D126:L2#15:la,D126:L5#11:la,D126:L8#15:la,D126:L11#7:la,D126:L11#14:la || r26:F:3:D121:L2#19:la,D121:L3#4:la,D121:L11#6:la || r25:F:3:D101:L2#14:la,D101:L7#18:la,D101:L8#7:la || D103:F:7:L4#3:la,L7#9:la,L16#1:la,L18#3:la,L20#4:la,L20#6:la,L22#13:la || D114:F:7:L3#11:la,L6#13:la,L8#6:la,L16#15:la,L20#7:la,L21#11:la,L24#16:la || F:la:p1L13-las,p1L20-adelante,p1L4-Marsella(lla),p1L4-la(empresa),p1L9-la(falta),p2L11-la(leva),p2L12-la(obligacion),p2L18-la(leva),p2L19-Espinola,p2L6-parlamento,p3L14-las(costas),p3L16-la(Republica),p3L2-Marsella(lla),p3L3-la(gente),p3L3-la(que),p3L3-las(galeras),p3L9-la(jornada); G:la:p2L14-glose
ꝑ	e	PROUVE	34	r31:F:5:D148:L14#5:e,D148:L28#7:e,D148:L40#12:e,D148:L50#3:e,D148:L51#13:e || r30 : D.134 L4#6 = Conde, L9#16 = cuydado (codes) mais e ×2 (L8, L14) → dans la main de D.134, ꝑ isolé entre mots = CODE possible (forme £ à revoir au zoom) ; e conservé || r30:DISCORDANT:D134:L4#6:Conde,D134:L9#16:cuydado || r30:F:3:D134:L1#4:e,D134:L8#13:e,D134:L14#8:e || r27 D.126 L7 « bastimentos » : signe noté ꝑ = n → probablement p à pied (= n) mal noté ; valeur e conservée || r27:DISCORDANT:D126:L7#12:n || r25 TABLE DE GLYPHES : ꝑ = boucle + hampe TRAVERSÉE (♀) = e ×12 dans D.103 v2 ; le « n » de r24 (L4#7 prevencion) était un p à PIED mal noté → ambiguïté LEVÉE (forme nette = compris ; forme douteuse = N) || r25:F:11:D103v2:L4#12:e,D103v2:L5#22:e,D103v2:L8#2:e,D103v2:L9#8:e,D103v2:L15#1:e,D103v2:L15#15:e,D103v2:L15#20:e,D103v2:L16#9:e,D103v2:L16#15:e,D103v2:L17#20:e,D103v2:L18#7:e || r24 ⚠ r24 : D.103 « p à hampe traversée » = e ×12 (el, pudieredes, executar…) mais n ×1 (prevencion L4) ; = p à pied de D.114 (n) ? → forme ambiguë entre mains : sur cible, ꝑ douteux = N || r20: zoom 13 p° barrés = e concordants || F:e:p1L16-el(dinero),p1L18-puede,p1L20-el(mes),p1L5-dice,p1L6-el,p1L7-he(le)+glose,p2L12-pague,p2L13-tiene,p2L15-empeñe,p2L16-tiene,p2L20-el(estado),p2L5-huviere,p2L8-aprieto,p2L8-asegurando,p2L9-resueltamente; f:e:p1L17-puedo,p2L1-el,p2L21-pudiere,p2L22-embie,p2L22-tiene,p3L1-el(verano),p3L1-pareciere,p3L1-viene,p3L10-fue,p3L11-acuerdo,p3L12-el(año),p3L12-viene,p3L14-el(estado),p3L4-embiar,p3L5-bolvieredes
tan	ra	PROUVE	54	r31:F:16:D148:L3#10:ra,D148:L5#3:ra,D148:L11#6:ra,D148:L16#2:ra,D148:L18#3:ra,D148:L19#4:ra,D148:L21#11:ra,D148:L27#12:ra,D148:L27#19:ra,D148:L31#14:ra,D148:L34#17:ra,D148:L36#15:ra,D148:L40#14:ra,D148:L41#4:ra,D148:L41#7:ra,D148:L51#8:ra || r30:F:1:D134:L10#9:ra || r28:F:6:D128:L1#11:ra,D128:L1#17:ra,D128:L13#15:ra,D128:L15#2:ra,D128:L22#18:ra,D128:L24#2:ra || r25:F:4:D101:L1#16:ra,D101:L2#13:ra,D101:L3#9:ra,D101:L7#12:ra || D103:F:8:L2#2:ra,L2#7:ra,L3#9:ra,L3#21:ra,L4#11:ra,L5#12:ra,L7#5:ra,L18#21:ra || D114:F:5:L7#9:ra,L8#16:ra,L13#9:ra,L21#16:ra,L25#11:ra || F:ra:p1L19-quedaran,p1L6-para,p2L2-era,p2L20-embiaran,p2L20-quedara,p2L4-para(otro),p2L8-aora,p2L8-asegurando,p3L1-verano,p3L12-para(el año),p3L3-podra,p3L4-podra2,p3L6-sera,p3L8-Aragon
xar	ta	PROUVE	55	r31:DISCORDANT:D148:L35#17:execucion || r31:F:9:D148:L4#9:ta,D148:L11#15:ta,D148:L12#17:ta,D148:L14#11:ta,D148:L25#7:ta,D148:L29#3:ta,D148:L32#11:ta,D148:L42#11:ta,D148:L49#17:ta || r30:F:5:D134:L5#14:ta,D134:L11#14:ta,D134:L13#14:ta,D134:L16#3:ta,D134:L18#4:ta || r28:F:6:D128:L3#17:ta,D128:L6#13:ta,D128:L7#8:ta,D128:L10#12:ta,D128:L13#14:ta,D128:L17#5:ta || r27:F:1:D126:L5#9:ta || r26:F:4:D121:L2#11:ta,D121:L3#13:ta,D121:L8#10:ta,D121:L8#13:ta || D103:F:8:L2#9:ta,L8#5:ta,L8#14:ta,L9#16:ta,L10#7:ta,L15#22:ta,L18#10:ta,L22#6:ta || D114:F:8:L6#7:ta,L7#16:ta,L10#13:ta,L11#10:ta,L16#18:ta,L23#6:ta,L24#14:ta,L25#4:ta || F:ta:p1L10-desta,p1L11-prontamente,p1L14-estan,p1L8-esta,p1L9-falta,p2L22-napolitanos,p2L23-hasta,p2L9-resueltamente,p3L11-despertar,p3L15-esta,p3L15-tan,p3L4-Cataluña,p3L4-intentar,p3L8-faltan
42	en	PROUVE	121	r31:F:41:D148:L2#7:en,D148:L3#12:en,D148:L6#6:en,D148:L6#15:en,D148:L7#12:en,D148:L8#14:en,D148:L9#12:en,D148:L9#15:en,D148:L12#12:en,D148:L13#12:en,D148:L14#10:en,D148:L15#6:en,D148:L17#2:en,D148:L17#11:en,D148:L17#13:en,D148:L19#15:en,D148:L20#11:en,D148:L23#11:en,D148:L26#6:en,D148:L26#18:en,D148:L29#4:en,D148:L29#10:en,D148:L30#10:en,D148:L31#1:en,D148:L33#12:en,D148:L35#9:en,D148:L36#3:en,D148:L36#13:en,D148:L37#14:en,D148:L39#16:en,D148:L40#10:en,D148:L42#17:en,D148:L45#3:en,D148:L45#6:en,D148:L46#12:en,D148:L47#7:en,D148:L50#15:en,D148:L50#18:en,D148:L51#1:en,D148:L51#16:en,D148:L53#1:en || r30:F:19:D134:L2#6:en,D134:L2#12:en,D134:L2#18:en,D134:L3#2:en,D134:L3#14:en,D134:L4#17:en,D134:L8#15:en,D134:L8#18:en,D134:L9#17:en,D134:L12#13:en,D134:L15#9:en,D134:L15#12:en,D134:L16#11:en,D134:L16#15:en,D134:L20#2:en,D134:L20#5:en,D134:L20#7:en,D134:L22#5:en,D134:L24#12:en || r28:F:17:D128:L1#2:en,D128:L2#12:en,D128:L7#6:en,D128:L12#9:en,D128:L13#18:en,D128:L16#10:en,D128:L16#16:en,D128:L22#4:en,D128:L22#6:en,D128:L24#9:en,D128:L25#12:en,D128:L26#7:en,D128:L27#6:en,D128:L27#17:en,D128:L28#16:en,D128:L30#5:en,D128:L31#4:en || r27:F:2:D126:L1#17:en,D126:L4#10:en || r26 D.121 L6#14 « embiado » : descifrado em (variante n/m devant b, non déclarée → compté FAUX au test n°4) ; valeur en inchangée || r26:DISCORDANT:D121:L6#14:em || r26:F:5:D121:L2#2:en,D121:L7#7:en,D121:L8#6:en,D121:L9#16:en,D121:L10#6:en || r25:F:2:D101:L2#8:en,D101:L4#16:en || D103:F:14:L2#3:en,L4#2:en,L6#10:en,L9#20:en,L12#3:en,L13#20:en,L14#14:en,L15#9:en,L17#4:en,L19#21:en,L21#4:en,L22#2:en,L22#4:en,L22#12:en || D114:F:8:L13#7:en,L13#11:en,L13#20:en,L14#2:en,L14#6:en,L18#7:en,L19#13:en,L20#6:en || F:en:p1L12-en(Genoba),p1L16-embiar,p1L20-setiembre,p1L6-haviendo,p1L8-en(que),p2L1-en(orden),p2L11-encargado,p2L14-encaminar,p2L15-en(albaneses),p2L16-tiene,p2L23-cumpliendo,p2L4-en(caso),p3L12-en(que havremos); f:en:p1L5-en(razon)
pon	lo	PROUVE	66	r31:DISCORDANT:D148:L4#11:le || r31:F:20:D148:L3#13:lo,D148:L7#7:lo,D148:L8#1:lo,D148:L13#6:lo,D148:L13#17:lo,D148:L19#18:lo,D148:L20#14:lo,D148:L23#8:lo,D148:L23#19:lo,D148:L28#3:lo,D148:L30#1:lo,D148:L32#16:lo,D148:L33#16:lo,D148:L36#11:lo,D148:L37#16:lo,D148:L39#2:lo,D148:L47#19:lo,D148:L48#17:lo,D148:L52#11:lo,D148:L53#16:lo || r30:F:5:D134:L10#13:lo,D134:L19#7:lo,D134:L20#12:lo,D134:L22#19:lo,D134:L23#11:lo || r28:F:9:D128:L1#3:lo,D128:L2#7:lo,D128:L17#14:lo,D128:L21#20:lo,D128:L22#10:lo,D128:L24#8:lo,D128:L24#17:lo,D128:L26#8:lo,D128:L27#9:lo || r27:F:2:D126:L3#9:lo,D126:L7#6:lo || r26:F:3:D121:L3#15:lo,D121:L4#9:lo,D121:L9#14:lo || r25:F:3:D101:L3#14:lo,D101:L6#11:lo,D101:L7#2:lo || D103:F:7:L1#3:lo,L4#20:lo,L5#14:lo,L8#7:lo,L8#17:lo,L11#19:lo,L22#18:lo || D114:F:4:L9#19:lo,L14#9:lo,L17#14:lo,L22#10:lo || F:lo:p1L19-los(exercitos),p1L5-lo(que),p2L17-los(Alemanes),p2L19-los,p2L21-lo(de los),p2L21-los(Alemanes),p2L22-los(napolitanos),p2L23-los(hasta),p3L1-lo(que si),p3L13-conseguirlo,p3L2-lo(de Marsella),p3L2-los,p3L8-los
od	no	PROUVE	36	r31:F:7:D148:L10#5:no,D148:L13#8:no,D148:L17#6:no,D148:L22#8:no,D148:L41#16:no,D148:L43#4:no,D148:L43#14:no || r30:F:1:D134:L19#10:no || r28:F:6:D128:L3#8:no,D128:L10#13:no,D128:L19#1:no,D128:L19#11:no,D128:L23#9:no,D128:L25#19:no || r27:F:1:D126:L4#7:no || r25:F:1:D101:L5#8:no || D103:F:8:L2#21:no,L6#11:no,L7#16:no,L18#6:no,L18#14:no,L20#3:no,L21#5:no,L21#21:no || F:no:p1L10-no+glose,p1L11-sino,p1L16-no(le puedo),p1L18-no(llega),p1L6-no(haviendo)+glose,p2L12-Venosa,p2L16-no(se tiene),p2L19-Espinola,p2L21-no(pudiere),p2L22-napolitanos,p2L4-no(para),p3L1-verano; G:no:p2L15-glose
ec	es	PROUVE	72	r31:F:12:D148:L2#10:es,D148:L2#12:es,D148:L4#8:es,D148:L8#5:es,D148:L23#18:es,D148:L30#8:es,D148:L39#8:es,D148:L42#10:es,D148:L46#13:es,D148:L49#16:es,D148:L52#5:es,D148:L53#7:es || r30:F:13:D134:L4#13:es,D134:L6#2:es,D134:L8#5:es,D134:L10#5:es,D134:L11#3:es,D134:L12#10:es,D134:L13#13:es,D134:L17#5:es,D134:L18#3:es,D134:L19#14:es,D134:L21#2:es,D134:L21#3:es,D134:L23#20:es || r28:F:10:D128:L3#16:es,D128:L4#4:es,D128:L7#7:es,D128:L17#4:es,D128:L18#16:es,D128:L22#2:es,D128:L22#14:es,D128:L27#18:es,D128:L28#11:es,D128:L29#2:es || r27:F:1:D126:L4#14:es || r26:F:4:D121:L2#10:es,D121:L7#8:es,D121:L8#12:es,D121:L11#14:es || r25:F:4:D101:L3#6:es,D101:L5#9:es,D101:L8#10:es,D101:L8#13:es || D103:F:10:L1#12:es,L2#8:es,L6#3:es,L15#18:es,L18#19:es,L20#17:es,L22#5:es,L22#8:es,L22#16:es,L23#3:es || D114:F:8:L3#5:es,L9#9:es,L10#12:es,L12#8:es,L13#17:es,L20#15:es,L21#13:es,L23#5:es || F:es:p1L10-desta,p1L13-este,p1L14-estan,p1L18-este,p1L19-ese,p1L5-prevenciones,p1L8-esta,p2L15-Triest+glose,p2L19-Espinola,p3L15-esta
for	co	PROUVE	41	r31:F:4:D148:L22#13:co,D148:L28#14:co,D148:L31#4:co,D148:L53#10:co || r30:F:1:D134:L24#3:co || r28:F:4:D128:L12#18:co,D128:L18#1:co,D128:L25#1:co,D128:L28#12:co || r27:F:2:D126:L3#2:co,D126:L4#6:co || r26:F:4:D121:L1#2:co,D121:L3#2:co,D121:L5#15:co,D121:L10#9:co || r25:F:4:D101:L2#5:co,D101:L4#9:co,D101:L7#14:co,D101:L8#1:co || D103:F:6:L2#4:co,L2#10:co,L3#11:co,L6#21:co,L13#13:co,L14#3:co || D114:F:6:L1#12:co,L4#2:co,L9#3:co,L17#18:co,L21#9:co,L25#6:co || F:co:p1L11-con(todo),p1L16-con(embiar),p1L5-comunicado,p1L9-como,p2L13-conducir,p2L19-con(los españoles),p2L21-conseguir,p2L23-con(lo que si),p2L5-con(lo),p3L2-con(los españoles)
hi	di	PROUVE	34	r31:F:7:D148:L10#11:di,D148:L12#2:di,D148:L17#12:di,D148:L28#6:di,D148:L37#10:di,D148:L44#3:di,D148:L48#9:di || r30:F:3:D134:L20#8:di,D134:L20#16:di,D134:L22#17:di || r28:F:6:D128:L2#3:di,D128:L17#10:di,D128:L18#18:di,D128:L20#7:di,D128:L23#17:di,D128:L24#12:di || r27:F:2:D126:L3#17:di,D126:L8#11:di || r25:F:1:D101:L7#5:di || r24 D103 L1 « designios » (descifrado) = di dans le chiffré (disignios, graphie) : non contradictoire || D103:DISCORDANT:L1#5:de || D103:F:4:L5#21:di,L7#18:di,L10#1:di,L13#19:di || D114:F:1:L14#14:di || F:di:p1L12-dinero,p1L13-dinero,p1L16-dinero,p1L19-dinero,p1L5-dice,p1L7-respondido,p1L9-dinero,p2L2-diferencia,p2L21-pudiere,p3L17-diga
tis	si	PROUVE	46	r31:DISCORDANT:D148:L32#3:su || r31:F:5:D148:L5#5:si,D148:L18#1:si,D148:L18#6:si,D148:L26#17:si,D148:L38#14:si || r30:F:4:D134:L7#8:si,D134:L7#12:si,D134:L18#15:si,D134:L19#9:si || r28:F:4:D128:L3#3:si,D128:L8#4:si,D128:L9#17:si,D128:L19#10:si || r27:F:1:D126:L12#14:si || r26:F:2:D121:L4#17:si,D121:L7#5:si || r25:F:2:D101:L4#12:si,D101:L5#7:si || D103:F:10:L1#6:si,L6#4:si,L6#18:si,L7#15:si,L9#1:si,L10#15:si,L15#12:si,L17#7:si,L21#12:si,L22#1:si || D114:F:8:L5#2:si,L8#11:si,L9#12:si,L9#16:si,L11#15:si,L12#17:si,L19#1:si,L25#16:si || F:si:p1L18-si(no llega),p1L19-sin,p2L1-si(havia),p2L2-casi,p2L2-siete,p2L20-si(no pudiere),p3L1-si(el verano),p3L11-sin,p3L17-reside,p3L5-si(bolvieredes)
far	ca	PROUVE	39	r31:F:13:D148:L1#17:ca,D148:L7#13:ca,D148:L11#8:ca,D148:L13#13:ca,D148:L16#4:ca,D148:L19#6:ca,D148:L21#1:ca,D148:L23#12:ca,D148:L24#7:ca,D148:L27#14:ca,D148:L31#16:ca,D148:L34#19:ca,D148:L47#8:ca || r30:F:5:D134:L9#7:ca,D134:L11#16:ca,D134:L16#1:ca,D134:L21#14:ca,D134:L21#17:ca || r28:F:4:D128:L1#19:ca,D128:L15#5:ca,D128:L19#3:ca,D128:L26#10:ca || r27:F:2:D126:L7#2:ca,D126:L8#6:ca || r26:F:2:D121:L7#1:ca,D121:L9#17:ca || r25:F:1:D101:L5#1:ca || D103:F:1:L10#8:ca || D114:F:2:L2#19:ca,L9#7:ca || F:ca:p1L22-cassele,p1L5-comunicado,p2L11-encargado,p2L14-encaminar,p2L2-casi+glose,p2L20-aca,p2L4-caso,p2L6-sacado,p3L4-Cataluña; G:ca:p2L2-glose
46	pa	PROUVE	15	r30:F:1:D134:L18#17:pa || r28:F:3:D128:L8#8:pa,D128:L18#9:pa,D128:L19#14:pa || D103:F:2:L4#10:pa,L11#14:pa || D114:F:1:L2#22:pa || F:pa:p1L19-paga,p1L6-para,p2L12-pague,p2L4-para(otro),p2L6-parlamento,p3L1-pareciere,p3L12-para(el año),p3L7-pasen
ab	ma	PROUVE	32	r31:F:11:D148:L16#10:ma,D148:L20#1:ma,D148:L20#8:ma,D148:L20#15:ma,D148:L24#11:ma,D148:L25#2:ma,D148:L25#15:ma,D148:L36#4:ma,D148:L41#8:ma,D148:L48#1:ma,D148:L49#9:ma || r30:F:1:D134:L3#12:ma || r28:F:3:D128:L12#19:ma,D128:L16#18:ma,D128:L25#20:ma || r26:F:1:D121:L11#11:ma || D103:F:3:L7#11:ma,L16#3:ma,L20#2:ma || D114:F:5:L1#8:ma,L13#3:ma,L14#10:ma,L16#11:ma,L17#16:ma || F:ma:p1L4-Marsella,p2L11-Alemanes,p2L17-Alemanes,p2L21-Alemanes,p2L8-mas,p3L10-mal,p3L16-mandado,p3L2-Marsella
ha	da	PROUVE	37	r31:F:8:D148:L7#2:da,D148:L17#16:da,D148:L30#19:da,D148:L32#6:da,D148:L41#19:da,D148:L43#18:da,D148:L46#4:da,D148:L50#7:da || r30:DISCORDANT:D134:L12#11:haze || r30:F:3:D134:L10#3:da,D134:L16#9:da,D134:L18#9:da || r28:F:7:D128:L3#19:da,D128:L3#20:da,D128:L4#18:da,D128:L17#1:da,D128:L25#5:da,D128:L28#6:da,D128:L30#2:da || r27:F:1:D126:L2#13:da || r26:F:2:D121:L8#16:da,D121:L11#3:da || D103:F:3:L18#2:da,L19#3:da,L19#18:da || D114:F:5:L2#9:da,L2#15:da,L7#10:da,L8#14:da,L22#15:da || F:da:p1L10-da+glose,p1L11-acuda+glose,p1L14-consignadas,p1L19-quedaran,p2L20-quedara,p3L14-desabrigadas,p3L16-mandado,p3L9-jornada
4	m	PROUVE	7	r28:DISCORDANT:D128:L6#9:Conde || r25:F:1:D101:L4#10:m || F:m:p2L15-empeñe,p2L22-cumpliendo,p2L22-embie,p2L9-rompe,p3L16-embaxador,p3L4-embiar
D	p	PROUVE	10	r28:F:2:D128:L9#11:p,D128:L14#12:p || r26:F:1:D121:L6#20:p || r25:F:1:D101:L6#4:p || F:p:p1L11-prontamente,p1L12-proveer,p1L17-aprobar,p2L22-cumpliendo,p2L8-aprieto,p3L7-prisa; f:p:p1L5-prevenciones
ad	na	PROUVE	20	r31:F:4:D148:L17#15:na,D148:L23#5:na,D148:L31#3:na,D148:L47#3:na || r30:F:3:D134:L10#2:na,D134:L16#5:na,D134:L18#8:na || r28:F:1:D128:L23#16:na || r27:F:1:D126:L8#9:na || r26:F:1:D121:L5#6:na || D103:F:4:L2#12:na,L10#22:na,L16#18:na,L19#2:na || F:na:p1L14-consignadas,p1L8-monarquia,p2L14-encaminar,p2L22-napolitanos,p3L4-Cataluña,p3L9-jornada
fir	ci	PROUVE	36	r31:F:12:D148:L6#5:ci,D148:L6#16:ci,D148:L9#18:ci,D148:L15#11:ci,D148:L24#18:ci,D148:L25#8:ci,D148:L26#7:ci,D148:L34#3:ci,D148:L35#14:ci,D148:L38#15:ci,D148:L42#18:ci,D148:L52#19:ci || r30:F:2:D134:L8#16:ci,D134:L19#1:ci || r28:F:5:D128:L1#6:ci,D128:L14#14:ci,D128:L23#4:ci,D128:L26#15:ci,D128:L27#3:ci || r27:F:1:D126:L4#8:ci || r26:F:1:D121:L7#11:ci || r25:F:2:D101:L1#7:ci,D101:L4#13:ci || D103:F:3:L3#1:ci,L4#8:ci,L15#19:ci || D114:F:4:L4#15:ci,L4#18:ci,L10#4:ci,L24#10:ci || F:ci:p1L13-asistencias,p1L5-prevenciones,p1L6-execucion,p2L2-diferencia,p3L1-pareciere,p3L8-Valencia
ib	mi	PROUVE	30	r31:F:6:D148:L2#6:mi,D148:L6#8:mi,D148:L8#2:mi,D148:L13#1:mi,D148:L25#11:mi,D148:L33#10:mi || r30:F:1:D134:L2#2:mi || r28:F:7:D128:L2#17:mi,D128:L5#19:mi,D128:L13#2:mi,D128:L15#12:mi,D128:L16#2:mi,D128:L24#5:mi,D128:L28#20:mi || r27:F:2:D126:L2#16:mi,D126:L4#9:mi || r26:F:1:D121:L5#9:mi || r25:F:1:D101:L3#4:mi || D103:F:4:L3#13:mi,L3#20:mi,L11#3:mi,L14#13:mi || D114:F:2:L9#13:mi,L17#9:mi || F:mi:p1L8-mi,p2L14-encaminar,p2L23-mil,p2L3-mil(caballos),p2L3-mil(infantes),p3L11-mia
las	ga	PROUVE	18	r30:F:1:D134:L20#3:ga || r28:F:2:D128:L18#10:ga,D128:L19#15:ga || r26:F:2:D121:L9#19:ga,D121:L10#7:ga || D103:F:2:L3#18:ga,L17#11:ga || D114:F:5:L5#12:ga,L9#17:ga,L16#14:ga,L21#7:ga,L22#19:ga || F:ga:p1L18-llega,p1L19-paga,p2L11-encargado,p2L8-llegado,p3L14-desabrigadas,p3L17-diga; f:ga:p1L10-lugar
oy	por	PROUVE	20	r31:F:5:D148:L2#15:por,D148:L9#17:por,D148:L13#5:por,D148:L16#5:por,D148:L47#13:por || r30:F:1:D134:L20#11:por || r28:F:3:D128:L16#14:por,D128:L22#7:por,D128:L23#3:por || r26:F:2:D121:L6#5:por,D121:L6#18:por || r25:F:2:D101:L1#6:por,D101:L3#13:por || D103:F:1:L18#5:por || F:por:p1L7-por(a proposito),p2L1-por(si),p2L12-por(la obligacion),p2L14-por(Triest),p2L16-por(buena),p3L11-porque; G:por:p2L15-glose(porque)
sal	va	PROUVE	19	r31:F:1:D148:L41#3:ba || r28:F:4:D128:L5#14:va,D128:L6#6:va,D128:L10#4:va,D128:L20#3:va || r27:F:4:D126:L7#8:ba,D126:L10#4:va,D126:L10#5:va,D126:L13#10:va || D103:F:1:L7#2:va || D114:F:3:L2#17:ba,L15#16:va,L20#18:va || F:va:p1L17-aprobar,p2L11-leva,p2L15-albaneses,p2L18-leva,p3L16-embaxador,p3L9-Levante
sil	vi	PROUVE	23	r31:F:1:D148:L45#5:vi || r28:F:10:D128:L2#10:vi,D128:L7#13:vi,D128:L10#19:vi,D128:L13#17:vi,D128:L14#6:vi,D128:L16#15:vi,D128:L22#5:vi,D128:L25#16:vi,D128:L26#1:vi,D128:L27#5:vi || r26:F:3:D121:L1#7:vi,D121:L6#15:bi,D121:L7#6:bi || r25:F:1:D101:L5#11:vi || D103:F:2:L15#6:vi,L15#14:vi || F:vi:p1L16-embiar,p3L1-viene,p3L12-viene,p3L15-desapercevido,p3L4-embiar,p3L5-bolvieredes; f:vi:p1L6-haviendo
47	pe	PROUVE	12	r31:F:2:D148:L43#8:pe,D148:L51#17:pe || D103:F:5:L3#8:pe,L9#6:pe,L16#17:pe,L18#20:pe,L22#9:pe || F:pe:p2L15-empeñe,p2L9-rompe,p3L11-despertar,p3L15-desapercevido,p3L15-pero
49	po	PROUVE	20	r31:F:3:D148:L32#5:po,D148:L37#12:po,D148:L38#13:po || r30:F:3:D134:L12#5:po,D134:L15#4:po,D134:L16#8:po || r28:F:3:D128:L9#13:po,D128:L12#17:po,D128:L14#17:po || r26:F:1:D121:L8#1:po || r25:F:1:D101:L4#11:po || D103:F:1:L13#17:po || D114:F:3:L7#7:po,L9#6:po,L22#14:po || F:po:p1L7-respondido,p2L22-napolitanos,p3L11-podria,p3L3-podra,p3L4-podra2
tin	ri	PROUVE	27	r31:F:4:D148:L8#7:ri,D148:L20#5:ri,D148:L48#5:ri,D148:L49#11:ri || r30:F:6:D134:L4#15:ri,D134:L6#10:ri,D134:L7#14:ri,D134:L10#10:ri,D134:L12#7:ri,D134:L23#3:ri || r28:F:5:D128:L7#4:ri,D128:L11#9:ri,D128:L23#14:ri,D128:L23#21:ri,D128:L25#6:ri || r26:F:2:D121:L2#12:ri,D121:L9#7:ri || r25:F:2:D101:L2#11:ri,D101:L6#5:ri || D103:F:1:L23#5:ri || D114:F:2:L9#11:ri,L20#17:ri || F:ri:p1L22-queria,p2L15-Triest+glose,p2L8-aprieto,p3L11-podria,p3L7-prisa; G:ri:p2L15-glose
ton	ro	PROUVE	23	r31:F:5:D148:L3#16:ro,D148:L8#19:ro,D148:L21#9:ro,D148:L51#6:ro,D148:L52#8:ro || r28:F:3:D128:L9#12:ro,D128:L17#12:ro,D128:L18#20:ro || r27:F:2:D126:L3#19:ro,D126:L11#3:ro || D103:F:5:L2#11:ro,L3#6:ro,L5#6:ro,L9#4:ro,L20#12:ro || D114:F:3:L4#19:ro,L7#13:ro,L20#9:ro || r22: ZOOM r22 : D111 p1L12, L13, L16, L17, L19 « ton » = ro (dinero ×4, aprobar) || F:ro:p1L11-prontamente,p1L12-proveer,p2L23-numero,p2L9-rompe,p3L15-pero; f:ro:p1L12-dinero,p1L13-dinero,p1L9-dinero
2	v	PROUVE	8	r31:DISCORDANT:D148:L11#16:luego,D148:L12#18:dos || r27:F:4:D126:L2#21:u,D126:L5#7:u,D126:L6#7:v,D126:L12#12:u || F:v:p1L18-ver,p2L1-viene,p2L5-huviere,p3L8-Valencia
29	año	PROUVE	4	F:año:p1L13-año,p1L18-año,p2L1-año,p3L12-año
cel	que	PROUVE	94	r31:F:37:D148:L2#9:que,D148:L3#2:que,D148:L5#8:que,D148:L7#8:que,D148:L8#13:que,D148:L9#13:que,D148:L10#4:que,D148:L10#16:que,D148:L11#13:que,D148:L13#16:que,D148:L13#18:que,D148:L14#16:que,D148:L16#14:que,D148:L18#8:que,D148:L19#17:que,D148:L23#9:que,D148:L23#15:que,D148:L24#1:que,D148:L28#4:que,D148:L29#14:que,D148:L33#1:que,D148:L33#17:que,D148:L39#3:que,D148:L40#3:que,D148:L41#15:que,D148:L43#3:que,D148:L43#13:que,D148:L44#8:que,D148:L45#9:que,D148:L47#12:que,D148:L48#7:que,D148:L48#18:que,D148:L50#6:que,D148:L51#2:que,D148:L51#4:que,D148:L53#8:que,D148:L53#17:que || r30:F:11:D134:L3#8:que,D134:L5#4:que,D134:L6#6:que,D134:L6#9:que,D134:L7#2:que,D134:L7#17:que,D134:L10#14:que,D134:L13#2:que,D134:L20#10:que,D134:L20#13:que,D134:L23#12:que || r28:F:8:D128:L1#4:que,D128:L2#5:que,D128:L8#18:que,D128:L9#16:que,D128:L11#14:que,D128:L16#7:que,D128:L19#12:que,D128:L22#3:que || r27:F:7:D126:L2#1:que,D126:L3#10:que,D126:L4#12:que,D126:L5#1:que,D126:L6#3:que,D126:L10#1:que,D126:L12#15:que || r26:F:7:D121:L2#1:que,D121:L2#6:que,D121:L3#16:que,D121:L4#7:que,D121:L6#9:que,D121:L7#18:que,D121:L10#4:que || r25:F:5:D101:L1#11:que,D101:L3#16:que,D101:L5#6:que,D101:L7#3:que,D101:L8#14:que || D103:F:13:L1#10:que,L3#4:que,L5#15:que,L10#3:que,L12#8:que,L13#2:que,L15#11:que,L16#6:que,L17#14:que,L17#17:que,L19#11:que,L21#20:que,L22#19:que || D114:F:2:L2#6:que,L24#6:que || F:que:p1L19-que(duran),p1L22-queria,p2L1-que(viene),p3L17-que(haviendo); G:que:p2L15-glose
fur	cu	PROUVE	25	r31:F:7:D148:L8#20:cu,D148:L21#10:cu,D148:L32#10:cu,D148:L41#18:cu,D148:L43#7:cu,D148:L44#2:cu,D148:L51#7:cu || r30:F:2:D134:L5#13:cu,D134:L17#6:cu || r28:F:2:D128:L22#15:cu,D128:L29#15:cu || r26:F:2:D121:L3#12:cu,D121:L8#9:cu || D103:F:4:L5#7:cu,L8#4:cu,L8#13:cu,L18#9:cu || D114:F:4:L6#6:cu,L8#3:cu,L11#9:cu,L25#3:cu || F:cu:p1L11-acuda+glose,p1L6-execucion,p2L22-cumpliendo,p3L10-acuerdo
lus	gu	PROUVE	15	r31:F:5:D148:L5#2:gu,D148:L18#11:gu,D148:L22#1:gu,D148:L30#16:gu,D148:L38#8:gu || r28:F:1:D128:L4#15:gu || r26:F:1:D121:L10#17:gu || D103:F:1:L17#1:gu || D114:F:3:L5#6:gu,L19#5:gu,L19#18:gu || F:gu:p2L12-pague,p2L21-conseguir,p2L8-asegurando,p3L13-conseguirlo
xir	ti	PROUVE	25	r31:F:6:D148:L2#5:ti,D148:L19#14:ti,D148:L33#11:ti,D148:L39#15:ti,D148:L40#11:ti,D148:L52#16:ti || r30:F:2:D134:L6#17:ti,D134:L9#13:ti || r28:F:2:D128:L5#8:ti,D128:L27#15:ti || r27:F:2:D126:L6#10:ti,D126:L7#10:ti || r26:F:1:D121:L11#10:ti || r25:F:1:D101:L1#2:ti || D103:F:3:L2#22:ti,L15#8:ti,L19#9:ti || D114:F:4:L11#1:ti,L16#3:ti,L19#12:ti,L23#13:ti || F:ti:p1L20-setiembre,p2L13-tiene,p2L16-tiene,p2L22-tiene
ȝ	h	PROUVE	9	D114:F:5:L1#6:h,L2#7:h,L12#3:h,L16#9:h,L24#17:h || F:h:p1L6-haviendo(glose),p1L7-he(le)+glose,p2L11-ha(encargado),p2L7-han
14	m	PROUVE	19	r31:F:4:D148:L17#8:m,D148:L40#6:m,D148:L41#2:m,D148:L46#11:m || r30:F:1:D134:L10#7:m || D103:F:5:L3#7:m,L6#12:m,L9#5:m,L16#16:m,L21#6:m || r22: D108:F:m:p1L16-embiar,p1L20-setiembre,p2L1-rompimiento,p2L14-empeñe,p2L19-embiaran,p2L22-cumpliendo,p3L3-embiar,p3L22-menester,p4L5-(i)mvernada. ZOOM r22 (z22_b, z23_a) : les 4 « Milan » de D.111 (p2L20, p3L3, p3L6, p3L15) portent le tilde = 1̃4, forme DISTINCTE → 0 discordance pour 14 simple || r21: PROUVE_J m ; r21: D108:F:m:p1L16-embiar,p1L20-setiembre,p2L1-rompimiento,p2L14-empeñe,p2L19-embiaran,p2L22-cumpliendo,p3L3-embiar,p3L22-menester. MOTIF J : « Milan » = 1̃4 (tilde), forme DISTINCTE ; les 3 Milan de D.111 (F) = tilde non vérifié || r20: PROUVE_DISC Milan ; r20: D.108 lu (vue ×0,9) « H 14 sil n 16 » embiar, « xir H 14 8 ten » setiembre = m ; forme 14 vs ĩ4 NON vérifiée || r19: F:Milan:p2L20-Milan,p3L15-Milan,p3L6-Milan
ac	as	PROUVE	6	r31:F:1:D148:L12#16:as || D103:F:2:L3#2:as,L9#15:as || F:as:p1L13-asistencias,p2L23-hasta,p2L8-asegurando
at	i	PROUVE	3	F:i:p3L1-intente,p3L13-conseguirlo,p3L4-intentar
eb	me	PROUVE	23	r31:F:7:D148:L13#7:me,D148:L22#14:me,D148:L33#14:me,D148:L37#17:me,D148:L40#17:me,D148:L45#17:me,D148:L48#13:me || r30:F:2:D134:L4#7:me,D134:L23#10:me || r28:F:1:D128:L26#17:me || r27:F:2:D126:L2#2:me,D126:L7#11:me || r26:F:1:D121:L2#8:me || r25:F:2:D101:L6#14:me,D101:L8#5:me || D103:F:2:L5#16:me,L8#8:me || D114:F:3:L1#10:me,L4#10:me,L5#16:me || F:me:p1L18-temer,p1L20-mes,p2L6-parlamento
l	d	PROUVE	3	F:d:p3L11-podria,p3L3-podra,p3L4-podra2
nj	estado	PROUVE	3	F:estado:p2L20-estado,p3L14-estado,p3L3-estado
ob	mo	PROUVE	17	r31:DISCORDANT:D148:L1#16:me || r31:F:3:D148:L6#11:mo,D148:L8#4:mo,D148:L31#2:mo || r27:F:1:D126:L11#5:mo || r26:F:4:D121:L1#3:mo,D121:L4#18:mo,D121:L5#16:mo,D121:L10#10:mo || D103:F:3:L6#16:mo,L10#16:mo,L21#10:mo || D114:F:3:L12#15:mo,L17#11:mo,L25#14:mo || F:mo:p1L8-monarquia,p1L9-como,p3L12-havremos
pin	li	PROUVE	9	r31:F:1:D148:L3#8:li || r30:F:1:D134:L21#13:li || r28:F:2:D128:L1#14:li,D128:L25#23:li || r26:F:1:D121:L6#21:li || D103:F:1:L3#17:li || F:li:p2L22-napolitanos,p2L23-cumpliendo,p2L4-salir
so	pu	PROUVE	10	r31:F:6:D148:L1#4:pu,D148:L25#6:pu,D148:L28#5:pu,D148:L43#16:pu,D148:L47#14:pu,D148:L48#8:pu || D114:F:1:L14#13:pu || F:pu:p1L16-puedo,p1L18-puede,p2L21-pudiere
52	orden	PROUVE	16	r31:F:1:D148:L29#5:orden || r30:F:1:D134:L4#18:orden || r28:F:3:D128:L4#3:orden,D128:L20#11:orden,D128:L28#10:orden || r26:F:4:D121:L3#1:orden,D121:L4#3:orden,D121:L8#14:orden,D121:L11#13:orden || r25:F:1:D101:L8#9:orden || D103:F:1:L5#1:orden || D114:F:3:L2#3:orden,L15#7:orden,L18#17:orden || F:orden:p2L1-orden,p3L11-orden
V	h	PROUVE_DISC	9	r31:DISCORDANT:D148:L8#12:Conde_de_Monterrey || r28:DISCORDANT:D128:L7#9:carta || r28:F:3:D128:L2#8:h,D128:L14#4:h,D128:L28#2:h || r27 D.126 L10 « Veedor » : V = v (lettre V ?) ; déjà ∅ ×7 (D.101, D.121) → V jugé peu fiable : PROUVE_DISC (NON compris) || r27:DISCORDANT:D126:L10#15:v || r26 ⚠ D.121 : V = h ×3 (havia, habreis, he) MAIS ∅ ×4 (L1#1 initial, devant a « ha » → descifrado « a » ×2, V 9 = « y ») : même comportement que D.101 → V initial/h muet non transcrit ; valeur h conservée || r26:F:3:D121:L1#5:h,D121:L5#17:h,D121:L9#4:h || r25 ⚠ D.101 : V ×3 SANS contrepartie (L1#1 initial, L1#15 « [h]abran », L3#15 devant 9 = y) → nul initial ou h non transcrit par le descifrador ; valeur h conservée, à surveiller || D114:F:1:L13#1:h || F:h:p2L2-havia,p2L5-huviere; f:h:p1L4-haviades
ar	fa	PROUVE	4	r31:F:2:D148:L22#9:fa,D148:L52#18:fa || F:fa:p1L9-falta,p3L8-faltan
er	fe	PROUVE	6	r30:F:1:D134:L23#2:fe || r28:F:1:D128:L7#3:fe || r26:F:1:D121:L5#4:fe || D103:F:1:L10#20:fe || F:fe:p1L10-defensa,p2L2-diferencia
los	go	PROUVE	12	r31:F:5:D148:L7#15:go,D148:L9#16:go,D148:L13#15:go,D148:L23#14:go,D148:L47#10:go || r30:F:1:D134:L22#18:go || r28:F:1:D128:L6#14:go || r27:F:1:D126:L12#6:go || r25:F:1:D101:L5#3:go || D103:F:1:L3#14:go || F:go:p2L7-tengo,p3L8-Aragon
paz	empresa	PROUVE	4	D103:F:1:L16#2:empresa || D114:F:1:L6#10:empresa || F:empresa:p1L10-empresa,p1L4-empresa
tar	xa	PROUVE	3	r31:F:1:D148:L1#8:xa || F:xa:p3L14-dexando,p3L16-embaxador
tus	su	PROUVE	8	r28:F:3:D128:L13#10:su,D128:L18#3:su,D128:L30#15:su || r25:F:1:D101:L4#8:su || D103:F:2:L6#23:su,L13#4:su || F:su:p1L10-su,p1L6-su
xor	to	PROUVE	38	r31:F:9:D148:L2#8:to,D148:L8#15:to,D148:L10#3:to,D148:L20#7:to,D148:L28#1:to,D148:L37#1:to,D148:L46#3:to,D148:L47#16:to,D148:L52#2:to || r30:F:4:D134:L3#11:to,D134:L4#16:to,D134:L9#18:to,D134:L24#13:to || r28:F:5:D128:L19#2:to,D128:L23#7:to,D128:L27#7:to,D128:L27#19:to,D128:L30#18:to || r27:F:4:D126:L4#11:to,D126:L6#1:to,D126:L7#13:to,D126:L11#8:to || r26:F:5:D121:L2#3:to,D121:L6#4:to,D121:L7#9:to,D121:L7#14:to,D121:L8#15:to || r25:F:1:D101:L1#10:to || D103:F:4:L13#1:to,L14#8:to,L14#15:to,L18#1:to || D114:F:4:L8#19:to,L18#4:to,L20#5:to,L24#4:to || F:to:p1L11-todo,p3L15-puesto; f:to:p2L8-aprieto
ed	ne	PROUVE	23	r31:F:1:D148:L45#11:ne || r28:F:4:D128:L9#14:ne,D128:L17#11:ne,D128:L18#19:ne,D128:L23#1:ne || r26:F:1:D121:L11#17:ne || r25:F:2:D101:L1#4:ne,D101:L8#16:ne || r23 VERDICT vérif : PROUVE_J -> PROUVE || r22: ZOOM r22 (z22_a) : D111 p2L23 « ud ed ton » (numero) = « ed » confirmé (D.108 même lieu : ud eb ton) → glissement réel. Reste PROUVE_J || JUSTIF r20: 15 F ne + D.108 « hi ed ton » = dinero ×5 ; 1 seule discordance p2L23 (numero), même passage fautif que p || r19: F:ne:p1L12-dinero,p1L13-dinero,p1L16-dinero,p1L19-dinero,p1L9-dinero,p2L1-viene,p2L11-Alemanes,p2L13-tiene,p2L15-albaneses,p2L15-empeñe,p2L18-Alemanes,p2L21-Alemanes,p2L22-tiene,p3L1-viene,p3L12-viene; f:me:p2L23-numero
p	n	PROUVE	33	r28:F:10:D128:L1#18:n,D128:L3#4:n,D128:L3#18:n,D128:L9#7:n,D128:L12#11:n,D128:L13#13:n,D128:L18#2:n,D128:L24#11:n,D128:L25#2:n,D128:L30#3:n || r26:F:3:D121:L3#3:n,D121:L5#3:n,D121:L5#7:n || D103:F:1:L14#6:n || D114:F:6:L8#12:n,L9#18:n,L12#16:n,L18#1:n,L20#4:n,L21#10:n || r23 VERDICT vérif : PROUVE_J -> PROUVE || r22: ZOOM r22 (z22_b) : D111 p2L23 « xar p 7 » (hasta el) = p SANS barre confirmé (D.108 même lieu : H = e) → glissement réel du chiffreur de D.111. Reste PROUVE_J || JUSTIF r20: 13 F + ~25 f n ; zoom r20 : 12 p° sans barre = n tous concordants ; 1 seule discordance p2L23 « xar p 7 ud ed ton » (hasta el numero), passage localement fautif (ed = me au même endroit) || r19: F:n:p1L10-defensa,p1L11-con(todo),p1L11-prontamente,p1L14-estan,p1L16-con(embiar),p1L20-adelante,p1L5-prevenciones,p1L7-respondido,p2L13-conducir,p2L5-con(lo),p2L6-parlamento,p2L7-han,p2L8-asegurando; f:n:p1L13-asistencias,p1L19-quedaran,p1L19-sin,p2L19-con(los españoles),p2L20-embiaran,p2L21-conseguir,p2L23-con(lo que si),p2L7-tengo,p2L8-con(mas),p3L1-intente(n1),p3L11-sin,p3L13-conseguirlo,p3L14-dexando,p3L15-tan,p3L16-mandado,p3L2-con(los españoles),p3L2-intente(n2),p3L3-con(la que),p3L4-intentar(n1),p3L4-intentar(n2),p3L7-pasen,p3L8-Aragon,p3L8-Valencia,p3L8-faltan,p3L9-Levante; f:e:p2L23-el(numero)
ten	re	PROUVE	93	r31:F:23:D148:L3#18:re,D148:L9#1:re,D148:L9#3:re,D148:L10#8:re,D148:L14#6:re,D148:L14#18:re,D148:L15#8:re,D148:L17#10:re,D148:L21#16:re,D148:L25#5:re,D148:L28#8:re,D148:L28#10:re,D148:L28#12:re,D148:L30#12:re,D148:L33#3:re,D148:L33#9:re,D148:L36#7:re,D148:L39#6:re,D148:L40#8:re,D148:L45#19:re,D148:L46#10:re,D148:L51#9:re,D148:L53#12:re || r30:F:12:D134:L3#4:re,D134:L14#9:re,D134:L15#6:re,D134:L16#13:re,D134:L18#18:re,D134:L19#3:re,D134:L20#18:re,D134:L23#1:re,D134:L23#8:re,D134:L23#18:re,D134:L24#5:re,D134:L24#10:re || r28:F:7:D128:L2#15:re,D128:L7#2:re,D128:L10#5:re,D128:L12#13:re,D128:L14#8:re,D128:L14#13:re,D128:L30#14:re || r27:F:3:D126:L3#12:re,D126:L4#5:re,D126:L13#5:re || r26:F:2:D121:L4#15:re,D121:L5#20:re || r25:F:2:D101:L5#13:re,D101:L7#7:re || D103:F:14:L4#5:re,L5#8:re,L6#1:re,L6#14:re,L7#13:re,L8#15:re,L9#11:re,L10#13:re,L13#11:re,L13#15:re,L15#16:re,L17#12:re,L21#8:re,L22#10:re || D114:F:5:L5#13:re,L10#14:re,L16#17:re,L19#10:re,L22#12:re || r22: D111:F:re ×11 (voir r19) ; D108:F:re:p1L5-pre(venciones),p1L7-respondido,p1L20-setiembre,p2L2-diferencia,p2L3-tren,p2L4-fuere,p2L5-huviere,p2L8-resueltamente,p2L10-respeto,p2L18-ofrecido,p2L20-pudiere,p3L1-(parecie)re,p3L5-bolvieredes,p3L17-reside,p3L20-resuelto,p4L3-socorrereis ; D.108 écrit ton pour ro (dinero ×5, rompe, rompimiento, numero). ZOOM r22 (z21_ten, z21_ten2) : les 3 « t?n » = ro de D.111 (p1L16 dinero, p1L17 aprobar, p1L19 dinero) se lisent « ton » (o fermé comme dans ho), idem p1L12, p1L13 → 0 discordance || r21: PROUVE_J re ; JUSTIF r20: 11 F re ; les 3 discordances « ro » sont des t?n à voyelle indécise (f) ; D.108 écrit « ton » net dans dinero ×5 || r19: F:re:p1L20-setiembre,p1L5-prevenciones,p1L7-respondido+glose,p2L2-diferencia(ren),p2L21-pudiere,p2L5-huviere,p2L9-resueltamente,p3L1-pareciere(re1),p3L1-pareciere(re2),p3L17-reside,p3L5-bolvieredes; f:ro:p1L16-dinero,p1L17-aprobar,p1L19-dinero
xer	te	PROUVE	45	r31:F:10:D148:L2#13:te,D148:L3#1:te,D148:L16#18:te,D148:L22#11:te,D148:L29#13:te,D148:L36#10:te,D148:L42#5:te,D148:L45#10:te,D148:L46#14:te,D148:L49#10:te || r30:F:4:D134:L2#4:te,D134:L2#7:te,D134:L6#3:te,D134:L11#4:te || r28:F:9:D128:L11#20:te,D128:L12#10:te,D128:L13#12:te,D128:L16#8:te,D128:L18#17:te,D128:L22#20:te,D128:L24#10:te,D128:L28#17:te,D128:L29#16:te || r27:F:1:D126:L1#15:te || r26:F:1:D121:L11#16:te || r25:F:2:D101:L4#3:te,D101:L8#15:te || D103:F:3:L2#18:te,L9#21:te,L12#6:te || D114:F:5:L3#19:te,L6#15:te,L8#4:te,L18#2:te,L20#3:te || r23 VERDICT vérif : PROUVE_J -> PROUVE || r22: ZOOM r22 (z_xer) : D111 p2L6 « eb p xer » (parlamento) = « xer » NET → glissement réel du chiffreur de D.111 (parlamen-te ; D.108 écrit 2̃4⁊ = mento). Reste PROUVE_J || JUSTIF r20: 10 F te ; 1 seule discordance f (p2L6 x?r, voyelle indécise) || r19: F:te:p1L13-este,p1L18-este,p1L18-temer,p1L20-adelante,p2L2-siete,p2L7-tengo,p3L1-intente(te1),p3L2-intente(te2),p3L4-intentar,p3L9-Levante; f:te:p1L13-asistencias; f:to:p2L6-parlamento
44	on	PROUVE	47	r31:F:18:D148:L6#3:on,D148:L6#17:on,D148:L11#18:on,D148:L17#18:on,D148:L24#19:on,D148:L25#9:on,D148:L26#3:on,D148:L26#8:on,D148:L32#2:on,D148:L35#15:on,D148:L38#16:on,D148:L42#14:on,D148:L43#1:on,D148:L44#6:on,D148:L44#10:on,D148:L46#2:on,D148:L50#2:on,D148:L51#12:on || r30:F:8:D134:L5#17:on,D134:L7#7:on,D134:L8#10:on,D134:L8#17:on,D134:L9#12:on,D134:L12#2:on,D134:L24#8:on,D134:L24#16:on || r27:F:2:D126:L5#14:on,D126:L10#9:on || r25:F:1:D101:L4#14:on || D103:F:1:L4#9:on || D114:F:2:L10#5:on,L24#11:on || r22: D108:F:on:con ×13 (p1L11,L13,L15 ; p2L5,L7,L9,L13,L17,L19,L20,L23 ; p3L3,L14 ; p4L1 ; p4L4 « con esto » ↔ D.110 p6),p1L6-prevenciones ; D111:F:on:p1L6-prevenciones,execucion. ZOOM r22 (z22_b, z23_a) : les 2 « bien » de D.111 (p2L20, p3L6) portent la boucle suscrite = 4̃4, forme DISTINCTE ; D.108 p4L5 « sera bien » = 4̃4 (z8_zoom). → 0 discordance pour 44 simple || r21: PROUVE_J on ; r21: D108:F:on:con ×12 (p1L11,L13,L15 ; p2L5,L7,L9,L13,L17,L19,L20,L23 ; p3L3,L14 ; p4L1),p1L6-prevenciones. MOTIF J : « bien » = 4̃4 (44 surmonté d'un tilde), forme DISTINCTE (D.108 p1L14, p1L21, p2L20, p3L6) ; les 2 « bien » de D.111 (p2L20, p3L6, force f) = tilde non vérifié au zoom || r20: CONTRADICTION on|bien ; r20: « si bien » = 44 (4̃4 ?) D.108 L14, L21 + D.111 p2L20, p3L6 (quedara/sera bien) ; on = prevenciones (D.111, D.108), execucion || r19: F:on:p1L5-prevenciones,p1L6-execucion; f:vien:p2L20-bien,p3L6-bien
104	Republica	PROUVE	3	r21: D108:F:p3L17,p3L20,p3L21 || r20: HYP Republica ; F:Republica:p3L16-Republica
162	tiempo	PROUVE	5	r31:F:1:D148:L10#13:tiempo || D103:F:1:L6#9:tiempo || D114:F:1:L17#12:tiempo || r21: D108:F:p1L6-tiempo,p3L5-a tiempo || r20: HYP tiempo ; F:tiempo:p3L6-tiempo; f:tiempo:p1L6-tiempo
48	pi	PROUVE	8	r31:F:2:D148:L37#5:pi,D148:L45#13:pi || D103:F:2:L13#5:pi,L17#19:pi || D114:F:1:L1#13:pi || r21: D108:F:p2L1-rompimiento,p2L18-Espinola,p4L3-propia || r20: HYP pi ; F:pi:p2L19-Espinola
6	g|a	CONTRADICTION	5	r28:F:1:D128:L24#1:g || r27:F:1:D126:L11#1:g || D103:F:1:L1#7:g || r23 D114:F:g:L11-designio ≠ D111/D108 F:a embiar (r22 HYP a) || D114:DISCORDANT:L11#16:g || F:a:p3L4-embiar
hu	du	PROUVE	5	r26:F:1:D121:L6#19:du || r23 promu par D.114 (2e lettre) || D114:F:2:L8#13:du,L23#20:du || r23 VERDICT vérif : même lieu chiffré 2 fois = 1 contexte -> HYP || r21: D108:F:p2L13-conducir ; D.111 1 ctx || r20: HYP du ; F:du:p2L13-conducir
id	ni	PROUVE	19	r31:F:3:D148:L6#10:ni,D148:L37#13:ni,D148:L44#13:ni || r30:F:2:D134:L2#5:ni,D134:L8#1:ni || r28:F:4:D128:L3#10:ni,D128:L9#4:ni,D128:L16#9:ni,D128:L28#15:ni || r27:F:1:D126:L11#4:ni || r26:F:1:D121:L4#16:ni || D103:F:4:L1#8:ni,L2#19:ni,L10#14:ni,L14#9:ni || D114:F:2:L3#20:ni,L11#17:ni || r21: D108:F:ni:p1L15-disponiendo(49 id 42 ho) ; D111:F:ni:p1L5-comunicado || r20: HYP ni ; F:ni:p1L5-comunicado
pun	lu	PROUVE	3	r30:F:1:D134:L10#6:lu || r21: D108:F:p3L3-Cataluña ; D.111 1 ctx || r20: HYP lu ; F:lu:p3L4-Cataluña; f:lu:p1L10-lugar
ub	mu	PROUVE	2	r27 promu : 2e lettre (D.126) || r27:F:1:D126:L4#13:mu || F:mu:p1L5-comunicado
ud	nu	PROUVE	3	r30 promu : 2e lettre (D.134) || r30:F:1:D134:L9#14:nu || r23 VERDICT vérif : même lieu chiffré 2 fois = 1 contexte -> HYP || r21: D108:F:p2L22-numero ; D.111 1 ctx || r20: HYP nu ; F:nu:p2L23-numero
122	razon	HYP_FAIBLE	1	r31:F:1:D148:L2#11:razon || f:razon:p1L5-razon
1683	trate	HYP_FAIBLE	0	f:trate:p1L10-trate
169	Turco	PROUVE	3	r21: D108:F:p3L13,p3L18,p4L2 || r20: HYP_FAIBLE Turco ; f:Turco:p3L12-Turco
189	Venecia	HYP	1	r21: D108:F:p3L17 || r20: HYP_FAIBLE Venecia ; f:Venecia:p3L17-Venecia
24	men	HYP_FAIBLE	0	f:men:p2L9-resueltamente
40	ç	PROUVE	3	r24 D103:F:ç/z:L17-juzgare ; D114 ×2 → 2 lettres || r24 PROUVE_1L (D.114) + D.103 = 2 lettres -> PROUVE || D103:F:1:L17#10:z || r23 D114:F:ç:L3-esforçar,L20-provença ; D111 f:c dice compatible || D114:DISCORDANT:L3#8:ç,L20#12:ç || f:c:p1L5-dice
50	pu	PROUVE	10	r30:F:2:D134:L20#15:pu,D134:L21#11:pu || r25:F:1:D101:L7#4:pu || r24 promu par D.103 (autre lettre) || D103:F:4:L5#20:pu,L7#17:pu,L12#19:pu,L16#8:pu || r20: D108:F:pu:L18-puede,L21-pudiendo,L16-puedo(f) ; discord. D.111 f:obligacion p2L13 || r19: f:obligacion:p2L13-obligacion
74	proposito	HYP_FAIBLE	1	r28:F:1:D128:L11#13:proposito || f:proposito:p1L7-proposito
84	principe	PROUVE	4	D114:F:2:L1#4:principe,L16#7:principe || r21: D108:F:p2L12-Principe,p3L23-Principes || r20: HYP_FAIBLE principe ; f:principe:p2L12-Principe
90	pues	PROUVE	7	r31:F:2:D148:L29#2:pues,D148:L49#7:pues || r30:F:1:D134:L8#8:pues || D114:F:1:L8#5:pues || r20: D108:F:pues:L12-puesto,L19-pues(los) || r19: f:pues:p3L15-puesto
95	que	HYP	1	r21: D108:F:p2L23-lo que || r20: HYP_FAIBLE que ; f:que:p3L1-que(si)
K	d	PROUVE	32	r31:F:7:D148:L19#10:d,D148:L30#7:d,D148:L30#11:d,D148:L36#14:d,D148:L38#11:d,D148:L39#7:d,D148:L39#11:d || r30:F:3:D134:L1#3:d,D134:L6#13:d,D134:L8#12:d || r27:F:1:D126:L2#20:d || r25:F:1:D101:L3#8:d || D103:F:6:L6#2:d,L7#12:d,L15#5:d,L15#17:d,L19#6:d,L20#13:d || D114:F:5:L7#8:d,L10#17:d,L15#19:d,L21#15:d,L23#9:d || r23 VERDICT vérif : PROUVE_J -> PROUVE || r21: D108:F:d:p1L5-haviades(Kec),p1L15-disponiendo(Kic),p2L4-adviertole(Z),p2L16-advertiros,p3L3-podra×2,p3L12-podria,despertar(Kec),p3L15-desabrigadas(Kec),p3L16-desapercevido(Kec),p3L22-esquadras. Transcrit ⅽ/ℓ dans D108 p2-p4. MOTIF J : l'unique « x » (D.111 p1L6 execucion) est f (forme non vue au zoom). NB même valeur que l=d (D.111) || r20: HYP_FAIBLE x ; f:x:p1L6-execucion
cilt	quia	HYP_FAIBLE	0	f:quia:p1L8-monarquia
mix	gente	PROUVE	7	r31:F:2:D148:L43#11:gente,D148:L46#7:gente || r28:F:3:D128:L17#6:gente,D128:L20#1:gente,D128:L30#11:gente || r23 promu par D.114 (2e lettre) || D114:F:1:L9#8:gente || r21: D108:F:p3L2-la gente (D.111 0 ctx F) || r20: HYP_FAIBLE gente ; f:gente:p3L3-gente
n	a	PROUVE	62	r31:F:16:D148:L1#12:a,D148:L3#4:a,D148:L3#7:a,D148:L4#15:a,D148:L5#11:a,D148:L14#14:a,D148:L15#12:a,D148:L21#6:a,D148:L24#17:a,D148:L27#18:a,D148:L30#15:a,D148:L30#17:a,D148:L41#6:a,D148:L41#17:a,D148:L44#1:a,D148:L52#10:a || r30:F:12:D134:L4#9:a,D134:L5#6:a,D134:L7#5:a,D134:L7#15:a,D134:L9#2:a,D134:L10#11:a,D134:L11#15:a,D134:L12#8:a,D134:L18#11:a,D134:L21#10:a,D134:L21#16:a,D134:L22#10:a || r27:F:8:D126:L2#7:a,D126:L5#5:a,D126:L6#5:a,D126:L7#4:a,D126:L10#13:a,D126:L12#4:a,D126:L12#17:a,D126:L13#2:a || D114:F:4:L4#12:a,L17#7:a,L23#8:a,L23#19:a || r21: D108:F:a:p1L3-ha,p1L7-por a,p1L10-a que,acuda,p1L16-a Genoba,p1L17-aprobar ; p2L1-havia×2,p2L2-casi,diferencia,p2L4-acuda,p2L11-leva,p2L16-advertiros,p2L17-leva,p2L19-embiaran,aca ; p3L3-embiar,p3L7-prisa a,p3L8-Valencia,p3L11-acuerdo,p3L12-mia,podria,p3L18-tratava,p3L23-aprovar×2 ; p4L2-plaça ; 0 discordance || r20: HYP_FAIBLE a ; f:a:p1L4-haviades
r	b	PROUVE	3	r26 promu : 2e lettre (D.121) || r26:F:1:D121:L5#19:b || r25 D.101 F:b:L1-habran,L7-obrar (+ D.108 f:b ×2 faibles) || r25:F:2:D101:L1#15:b,D101:L7#11:b || f:b:p1L20-setiembre,p3L14-desabrigadas
ren	emvi	HYP_FAIBLE	0	f:emvi:p2L20-embiaran
ur	fu	PROUVE	6	r31:F:1:D148:L46#8:fu || r28:F:1:D128:L11#15:fu || r21: D108:F:p2L4-fuere,p3L11-fue,p3L21-fu(ese),p4L3-fuera || r20: HYP_FAIBLE fu ; f:fu:p3L10-fue
cul	de	PROUVE	21	r23 VERDICT vérif : PROUVE_J -> PROUVE || JUSTIF r20: 15 F de + 4 gloses d'époque « de » (dont 3 SUR des emplois « que ») ; les 6 emplois « que » = glissement vocalique du chiffreur de D.111 (cul↔cil/cel) : aux 5 lieux p1L8-L11, D.108 (chiffrement indépendant du même texte) écrit cel (zoom r20) || r19: F:de:p1L4-de(Marsella),p1L5-de(prevenciones),p1L6-de(su),p2L11-de(Alemanes),p2L12-de(Venosa),p2L20-de(aca),p2L23-de(dos mil),p3L14-de(Italia),p3L16-de(Venecia),p3L16-de(la Republica),p3L2-de(Marsella),p3L3-del(estado),p3L4-de(Cataluña),p3L8-de(Aragon),p3L9-de(Levante); F:que:p1L10-que(no da),p1L10-que(se trate),p1L11-que(se acuda),p1L8-que(el estado),p1L8-que(mi),p3L11-porque; G:de:p1L10-glose,p1L11-glose,p1L8-glose,p2L14-glose
pen	le	PROUVE	38	r31:F:6:D148:L12#9:le,D148:L18#5:le,D148:L18#10:le,D148:L24#15:le,D148:L27#16:le,D148:L35#12:le || r28:F:8:D128:L1#13:le,D128:L3#1:le,D128:L5#13:le,D128:L6#5:le,D128:L10#3:le,D128:L15#15:le,D128:L17#8:le,D128:L18#6:le || r27:F:1:D126:L3#3:le || D114:F:5:L7#6:le,L9#15:le,L14#8:le,L19#8:le,L22#18:le || r23 VERDICT vérif : PROUVE_J -> PROUVE || r22: ZOOM r22 (z22_a) : D111 p2L7 « los » = « pon » (lecture v2 fautive, discordance levée) ; D111 p2L5 « for p pen » (con lo) = « pen » NET → 1 glissement réel + p1L16 (D.108 pon). Reste PROUVE_J || JUSTIF r20: 16 F le ; 2 F lo (p2L5, p2L7) + p1L16 où D.108 écrit pon = glissement pen↔pon (pon = lo 13 F) || r19: F:le:p1L18-llega,p1L22-cassele,p1L4-le,p1L7-le+glose,p2L11-Alemanes,p2L11-leva,p2L17-Alemanes,p2L18-leva,p2L19-españoles,p2L21-Alemanes,p2L7-llegado,p3L17-le(diga),p3L2-españoles,p3L8-Valencia,p3L8-españoles,p3L9-Levante; F:lo:p2L5-lo(que huviere),p2L7-los(que han)
g	e|y	DOUBLE	15	r27:F:1:D126:L5#6:j || r23 VERDICT vérif : DOUBLE e|y (NON compris) ; D.114 ajoute y/j DANS le mot : doy ×2 (L15 « ho 9 », L18 « ho 9 »), juzgare (L5 « 9 v 30 ») + conjonction y ×7 → double confirmé || r21: D108:F:e:p2L4-fuere,p2L5-huviere,p2L12-el(9),p2L13-el(9),tiene(9),p2L17-parece,p2L22-tiene,p2L23-viene,pareci-e(9),p3L3-embiar,p3L13-viene,p3L22-(fu)ese(9),p4L2-acometieren. MOTIF J : les emplois « y » (D.111 ×12 F, D.108 p1L2, p1L11, p2L17) sont TOUS la conjonction isolée, jamais y intra-mot → valeur unique e, la conjonction étant chiffrée « e » (forme copulative ancienne/latinisante = y). Déchiffrer g/9 → « e » partout donne un texte correct sans choix de sens. (p3L21 « de hir » : signe = ȝ = h, graphie hir = ir, cf. D.110 « hefectivamente ») || r20: CONTRADICTION e|y ; F:y:p1L11-y(prontamente)+glose,p1L5-y(lo),p2L18-y(la leva),p2L19-y(con los),p2L20-y(que si no),p2L3-y(dos),p2L7-y(los),p3L14-y(el estado),p3L3-y(con la),p3L3-y(la gente),p3L8-y(Valencia); F:e:p1L12-el(dinero),p1L12-proveer,p1L18-ver,p1L19-ese,p1L8-el+glose; G:e:p2L8-aora(glose); f:e:p1L6-execucion,p2L2-siete
tas	sa	PROUVE	28	r31:F:8:D148:L1#19:sa,D148:L4#4:sa,D148:L9#10:sa,D148:L24#9:sa,D148:L40#9:sa,D148:L45#4:sa,D148:L48#6:sa,D148:L52#15:sa || r30:F:2:D134:L9#9:sa,D134:L17#7:sa || r28:F:3:D128:L4#9:sa,D128:L14#15:sa,D128:L15#4:sa || r25:F:2:D101:L2#10:sa,D101:L6#7:sa || D103:F:3:L9#12:sa,L14#11:sa,L17#3:sa || D114:F:2:L5#8:sa,L19#7:sa || r23 VERDICT vérif : PROUVE_J -> PROUVE || JUSTIF r20: 7 F sa ; 1 si (p1L11 sino) où D.108 écrit tis (= si 10 F) = glissement tas↔tis || r19: F:sa:p1L10-defensa,p1L9-sabe,p2L12-Venosa,p2L4-salir,p2L6-sacado,p3L6-sardos,p3L7-prisa; F:si:p1L11-sino
sel	ve	PROUVE	25	r28:F:4:D128:L5#6:ve,D128:L17#9:ve,D128:L27#13:ve,D128:L28#14:ve || r26:F:1:D121:L9#11:ve || r25:F:1:D101:L2#12:ve || D103:F:6:L2#15:ve,L4#6:ve,L9#18:ve,L18#16:ve,L19#7:ve,L23#6:ve || D114:F:6:L9#10:ve,L12#5:ve,L16#1:ve,L20#10:ve,L21#5:ve,L24#19:ve || r23 VERDICT vérif : PROUVE_J -> PROUVE || JUSTIF r20: 5 F ve ; vi : p2L22 relu « sil » au zoom r20 (d111_p2bas.jpg) ; reste p2L5 huviere = glissement sel↔sil (sil = vi 6 F) || r19: F:ve:p1L12-proveer,p1L5-prevenciones,p1L9-sabe,p2L12-Venosa,p3L1-verano; F:vi:p2L22-embie,p2L5-huviere; f:vi:p1L4-haviades,p2L2-havia
fer	ce|co	CONTRADICTION	6	r31:F:2:D148:L4#12:ce,D148:L20#17:ce || F:co:p2L8-con(mas)+glose,p3L13-conseguirlo,p3L3-con(la que); F:ce:p3L15-desapercevido
a	e|i	CONTRADICTION_FAIBLE	7	r27:F:2:D126:L10#17:e,D126:L11#2:e || D114:F:5:L5#3:e,L8#17:e,L12#18:e,L13#19:e,L24#2:e || f:i:p2L21-conseguir; f:e:p2L22-embie
H	e	PROUVE	80	r31:DISCORDANT:D148:L8#17:caso || r31:F:27:D148:L1#5:e,D148:L1#14:e,D148:L2#1:e,D148:L4#3:e,D148:L9#9:e,D148:L10#1:e,D148:L11#10:e,D148:L12#3:e,D148:L12#11:e,D148:L17#3:e,D148:L17#7:e,D148:L18#12:e,D148:L18#13:e,D148:L21#14:e,D148:L26#12:e,D148:L27#3:e,D148:L32#8:e,D148:L34#2:e,D148:L35#11:e,D148:L37#6:e,D148:L38#3:e,D148:L40#5:e,D148:L41#1:e,D148:L43#17:e,D148:L45#14:e,D148:L46#9:e,D148:L50#8:e || r30:F:19:D134:L2#13:e,D134:L3#10:e,D134:L4#4:e,D134:L4#11:e,D134:L5#8:e,D134:L5#11:e,D134:L6#8:e,D134:L6#15:e,D134:L8#2:e,D134:L9#4:e,D134:L10#19:e,D134:L11#8:e,D134:L11#12:e,D134:L13#4:e,D134:L16#16:e,D134:L19#2:e,D134:L20#17:e,D134:L23#17:e,D134:L24#17:e || r28:F:3:D128:L11#3:e,D128:L22#8:e,D128:L29#13:e || r27:F:1:D126:L4#3:e || r26:F:4:D121:L3#10:e,D121:L4#12:e,D121:L5#12:e,D121:L8#7:e || r25:F:3:D101:L2#9:e,D101:L6#9:e,D101:L7#16:e || D103:F:3:L8#11:e,L11#5:e,L12#10:e || D114:F:14:L4#4:e,L4#14:e,L6#4:e,L8#1:e,L10#19:e,L11#7:e,L11#12:e,L13#14:e,L16#5:e,L19#2:e,L19#14:e,L23#11:e,L25#1:e,L25#17:e || D108:F:e:L7-el(estado),L11-el(dinero),L12-proveer,L17-el(peligro),L19-el(desde el),L21-haver
13	l	PROUVE	55	r31:DISCORDANT:D148:L22#15:r,D148:L39#12:v || r31:F:29:D148:L2#2:l,D148:L8#11:l,D148:L10#18:l,D148:L11#3:l,D148:L12#8:l,D148:L13#2:l,D148:L15#2:l,D148:L15#14:l,D148:L15#19:l,D148:L17#4:l,D148:L18#9:l,D148:L18#14:l,D148:L19#1:l,D148:L22#10:l,D148:L23#6:l,D148:L26#13:l,D148:L27#4:l,D148:L27#9:l,D148:L27#15:l,D148:L31#6:l,D148:L31#11:l,D148:L33#5:l,D148:L34#9:l,D148:L34#14:l,D148:L38#4:l,D148:L44#16:l,D148:L47#4:l,D148:L50#4:l,D148:L50#9:l || r30:F:7:D134:L1#5:l,D134:L2#14:l,D134:L4#5:l,D134:L13#17:l,D134:L16#17:l,D134:L17#11:l,D134:L24#18:l || D103:F:8:L4#13:l,L10#11:l,L11#6:l,L11#13:l,L12#18:l,L16#21:l,L20#16:l,L21#17:l || D114:F:5:L2#12:l,L2#18:l,L5#4:l,L8#9:l,L16#6:l || D108:F:l:L4-Marsella,L7-el,L11-el,L17-el,L18-llega,L19-el
16	r	PROUVE	100	r31:F:40:D148:L1#9:r,D148:L1#15:r,D148:L4#13:r,D148:L5#14:r,D148:L7#3:r,D148:L7#14:r,D148:L9#5:r,D148:L9#8:r,D148:L10#2:r,D148:L13#14:r,D148:L14#12:r,D148:L19#13:r,D148:L20#18:r,D148:L22#3:r,D148:L23#13:r,D148:L24#10:r,D148:L24#13:r,D148:L25#4:r,D148:L25#14:r,D148:L26#11:r,D148:L30#18:r,D148:L30#20:r,D148:L32#12:r,D148:L32#15:r,D148:L38#1:r,D148:L38#6:r,D148:L39#14:r,D148:L40#13:r,D148:L40#16:r,D148:L42#12:r,D148:L44#4:r,D148:L45#16:r,D148:L46#15:r,D148:L47#9:r,D148:L48#12:r,D148:L49#18:r,D148:L51#14:r,D148:L52#1:r,D148:L52#12:r,D148:L53#11:r || r30:F:15:D134:L5#15:r,D134:L6#16:r,D134:L6#18:r,D134:L9#10:r,D134:L11#9:r,D134:L12#12:r,D134:L14#13:r,D134:L15#11:r,D134:L16#2:r,D134:L17#8:r,D134:L18#7:r,D134:L18#14:r,D134:L21#7:r,D134:L22#7:r,D134:L24#4:r || r28:F:5:D128:L4#19:r,D128:L10#20:r,D128:L17#2:r,D128:L25#18:r,D128:L28#7:r || r26:F:2:D121:L8#11:r,D121:L9#18:r || r25:F:2:D101:L4#6:r,D101:L7#13:r || D103:DISCORDANT:L20#18:aunque || D103:F:23:L2#16:r,L3#22:r,L5#13:r,L5#19:r,L6#8:r,L6#20:r,L8#6:r,L8#10:r,L9#7:r,L9#19:r,L10#21:r,L13#14:r,L14#12:r,L15#7:r,L15#21:r,L16#5:r,L16#13:r,L17#21:r,L18#11:r,L19#1:r,L19#8:r,L19#16:r,L21#14:r || D114:F:6:L3#10:r,L7#11:r,L16#2:r,L17#4:r,L24#3:r,L25#5:r || D108:F:r:L4-orden,L4-Marsella,L8-monarquia,L12-proveer,L17-ver,L18-temer,L21-haver
17	v	PROUVE	41	r31:F:25:D148:L1#13:v,D148:L1#18:u,D148:L3#5:v,D148:L5#17:v,D148:L8#8:v,D148:L11#1:v,D148:L12#10:v,D148:L15#3:v,D148:L15#17:v,D148:L16#6:v,D148:L18#17:v,D148:L19#11:v,D148:L24#8:u,D148:L24#16:v,D148:L27#7:v,D148:L27#17:v,D148:L28#16:v,D148:L30#9:v,D148:L31#9:v,D148:L33#6:v,D148:L34#6:v,D148:L34#12:v,D148:L44#11:v,D148:L52#9:v,D148:L54#4:v || r30:F:11:D134:L4#10:v,D134:L5#7:v,D134:L6#14:v,D134:L7#18:v,D134:L9#3:v,D134:L9#8:u,D134:L11#7:v,D134:L13#8:v,D134:L15#8:v,D134:L17#1:v,D134:L22#4:v || D108:F:v:L5-prevenciones,L12-proveer,L17-ver,L21-haver,L22-prevenido
18	y	PROUVE	39	r31:F:21:D148:L4#17:y,D148:L6#12:y,D148:L7#5:y,D148:L7#10:y,D148:L7#17:y,D148:L12#7:y,D148:L13#10:y,D148:L16#8:y,D148:L23#3:y,D148:L25#1:y,D148:L27#2:y,D148:L32#13:y,D148:L35#1:y,D148:L35#16:y,D148:L38#2:y,D148:L42#7:y,D148:L47#1:y,D148:L47#18:y,D148:L51#15:y,D148:L52#13:y,D148:L53#14:y || r30:F:10:D134:L2#8:y,D134:L4#3:y,D134:L7#1:y,D134:L10#1:y,D134:L15#1:y,D134:L19#8:y,D134:L19#13:y,D134:L22#9:y,D134:L23#5:y,D134:L24#1:y || D103:F:1:L7#7:y || D114:F:3:L6#11:y,L16#13:y,L23#15:y || D108:F:y:L5-y(lo que dice),L9-y(la falta),L20-y(que assi),L21-y(lo otro)
tt	s	PROUVE	44	r31:F:1:D148:L35#8:s || r30:F:1:D134:L3#16:s || r28:F:17:D128:L2#16:s,D128:L3#6:s,D128:L3#12:s,D128:L4#2:s,D128:L8#13:s,D128:L13#5:s,D128:L13#11:s,D128:L15#16:s,D128:L17#17:s,D128:L18#4:s,D128:L22#11:s,D128:L22#19:s,D128:L24#20:s,D128:L25#21:s,D128:L26#9:s,D128:L26#16:s,D128:L28#9:s || r27:F:8:D126:L2#12:s,D126:L3#13:s,D126:L5#8:s,D126:L7#7:s,D126:L7#9:s,D126:L10#7:s,D126:L11#15:s,D126:L11#18:s || r26:F:3:D121:L2#9:s,D121:L3#5:s,D121:L11#7:s || r25:F:1:D101:L3#5:s || D103:F:5:L7#6:s,L8#1:s,L11#20:s,L13#16:s,L22#14:s || D114:F:4:L3#14:s,L17#10:s,L24#15:s,L25#12:s || D108:F:s:L10-desta,L12-las,L17-nos,L17-hemos ; D.111 p3L5 de-ro-s (tt lu H en v2)
Δ	n	PROUVE	74	r31:F:17:D148:L2#4:n,D148:L11#7:n,D148:L15#10:n,D148:L16#3:n,D148:L17#1:n,D148:L18#7:n,D148:L19#5:n,D148:L21#12:n,D148:L27#13:n,D148:L31#15:n,D148:L34#18:n,D148:L36#9:n,D148:L38#9:n,D148:L41#20:n,D148:L47#15:n,D148:L50#17:n,D148:L53#13:n || r30 : D.134 L15#15 (« en[camin]ando ») et L17#17 (« caminos ») : grand Δ = camino ≠ petit Δ = n → distinguer la TAILLE du Δ dans la main de D.134 ; n conservé || r30:DISCORDANT:D134:L15#13:camin,D134:L17#16:camino || r30:F:5:D134:L13#11:n,D134:L14#2:n,D134:L14#10:n,D134:L15#15:n,D134:L19#11:n || r28:F:8:D128:L10#6:n,D128:L12#7:n,D128:L13#16:n,D128:L15#3:n,D128:L16#19:n,D128:L24#3:n,D128:L24#15:n,D128:L28#13:n || r27:F:4:D126:L3#16:n,D126:L4#1:n,D126:L12#18:n,D126:L13#11:n || r26:F:1:D121:L11#4:n || r25:F:6:D101:L1#17:n,D101:L2#6:n,D101:L4#4:n,D101:L5#14:n,D101:L7#15:n,D101:L8#2:n || D103:F:17:L2#5:n,L3#10:n,L3#12:n,L6#5:n,L6#17:n,L6#22:n,L7#3:n,L9#2:n,L9#22:n,L10#19:n,L11#1:n,L12#20:n,L13#18:n,L14#4:n,L19#19:n,L20#10:n,L21#11:n || D114:F:10:L2#14:n,L4#3:n,L9#4:n,L18#3:n,L18#9:n,L20#1:n,L20#11:n,L21#6:n,L25#7:n,L25#15:n || D108:F:n:L4-orden,L9-defensa,L11-prontamente,L13-estan,L19-duran,L19-sin
5	como	PROUVE	2	D108:F:como:L8-como(sabe),L18-como(se)
15	manda	PROUVE	4	r31:F:1:D148:L11#11:manda || D108:F:manda:L12-mandado,L22-mandar ; D111:F:manda:p1L12-mandado
∫	t	PROUVE	10	r31:DISCORDANT:D148:L3#17:g || r31:F:7:D148:L6#14:t,D148:L9#14:t,D148:L14#9:t,D148:L26#5:t,D148:L36#12:t,D148:L42#16:t,D148:L52#7:t || D108:F:t:L3-entendido,L4-entrambos,L8-esta
r4	c	PROUVE	25	r31:F:12:D148:L6#2:c,D148:L8#6:c,D148:L11#17:c,D148:L17#17:c,D148:L26#2:c,D148:L32#1:c,D148:L35#13:c,D148:L42#13:c,D148:L44#5:c,D148:L44#9:c,D148:L46#1:c,D148:L50#1:c || r30:F:7:D134:L4#14:c,D134:L5#16:c,D134:L7#6:c,D134:L8#9:c,D134:L9#11:c,D134:L21#4:c,D134:L24#15:c || D103:F:1:L23#4:c || D114:F:2:L20#16:c,L24#9:c || D108:F:c:L11-con,L13-consignadas,L15-incompatible
2̃4	mente	PROUVE	8	r31:F:2:D148:L23#7:mente,D148:L47#5:mente || r30:F:1:D134:L22#15:mente || r28:F:1:D128:L20#4:mente || D103:F:1:L9#13:mente || D114:F:1:L7#17:mente || r21: D108:F:p1L11-prontamente,p2L8-resueltamente ; f:p2L6-parlamento(2̃4⁊ = mento) || r20: HYP mente ; D108:F:mente:L11-prontamente ; f:efectivamente
8	b|g	CONTRADICTION	14	r31:DISCORDANT:D148:L49#13:ob || r31:F:4:D148:L3#9:b,D148:L4#10:b,D148:L10#7:b,D148:L18#4:b || D103:F:5:L3#16:b,L5#11:b,L6#13:b,L13#10:b,L21#7:b || D108:F:b:L4-entrambos,L15-incompatible,L20-setiembre ; F:g:L13-consignadas,L17-peligro
9	e|y	DOUBLE	60	r28 : D.128 = y ×22 (0 e). Recherche de règle r29 : POSITION = échec (y aussi DANS les mots : doy ×2, fray, ay, yo, huyria, ybierno, aya, ya ; e aussi en fin de mot : He, torre) ; FORME candidate = ꝗ à queue descendante BARRÉE → y (D.126 y ×4, 0 e) / 9 « chiffre » dans la ligne → e (D.126 e ×6) MAIS exception D.126 L4#2 (9 simple = y, « respondieron y el ») → aucune règle SANS exception : reste DOUBLE || r28:F:22:D128:L1#1:y,D128:L1#12:y,D128:L4#7:y,D128:L9#10:y,D128:L12#16:y,D128:L13#6:y,D128:L14#1:y,D128:L16#1:y,D128:L16#6:y,D128:L16#12:y,D128:L18#8:y,D128:L18#13:y,D128:L20#5:y,D128:L21#18:y,D128:L23#13:y,D128:L23#19:y,D128:L25#15:y,D128:L26#4:y,D128:L28#1:y,D128:L29#5:y,D128:L29#7:y,D128:L31#2:y || r27:F:12:D126:L1#3:e,D126:L3#1:y,D126:L3#8:y,D126:L3#18:e,D126:L4#2:y,D126:L5#16:y,D126:L6#8:e,D126:L8#2:e,D126:L10#3:e,D126:L10#16:e,D126:L11#10:e,D126:L11#11:y || r26:F:2:D121:L7#4:y,D121:L7#10:y || r25:F:5:D101:L2#3:y,D101:L3#12:y,D101:L5#4:y,D101:L6#12:y,D101:L8#11:y || r24 D103 : y ×9 (conjonction), h? ×2 (hasta, ha de) → DOUBLE maintenu || D103:F:10:L2#13:y,L4#15:y,L4#18:y,L5#3:y,L7#14:y,L16#14:y,L17#6:y,L20#8:y,L21#15:y,L21#19:y || D114:DISCORDANT:L5#9:j || D114:F:9:L2#4:y,L4#8:y,L7#3:y,L9#2:y,L12#21:y,L15#11:y,L18#16:y,L22#6:y,L23#3:y || r23 VERDICT vérif : DOUBLE e|y (NON compris) ; D.114 ajoute y/j DANS le mot : doy ×2 (L15 « ho 9 », L18 « ho 9 »), juzgare (L5 « 9 v 30 ») + conjonction y ×7 → double confirmé || r21: ALIAS de g (même signe « 9 », notation D.107/D.108) ; voir g
4̃4	bien	PROUVE	11	r31:F:1:D148:L5#6:bien || r30:F:2:D134:L7#16:bien,D134:L19#15:bien || r28 : D.128 L3#13 aligné sur « naciones » (ni otras naciones) → DISCORDANT ; forme/tilde à recontrôler au zoom ; bien conservé (D.108/D.111) || r28:DISCORDANT:D128:L3#13:naciones || D103:F:1:L11#17:bien || r22: D108:F:bien:p1L14,p1L21,p2L20,p3L6,p4L5(sera bien que sea en Mecina ↔ D.110 p6, zoom r22) ; D111:Z:bien:p2L20,p3L6 (boucle suscrite vue r22) || r21: PROUVE bien ; r21: D108:F:bien:p1L14-si bien,p1L21-si bien,p2L20-quedara bien,p3L6-sera bien
1̃4	Milan	PROUVE	16	r31:F:2:D148:L26#16:Milan,D148:L45#1:Milan || r28:F:5:D128:L2#13:Milan,D128:L11#7:Milan,D128:L15#9:Milan,D128:L19#9:Milan,D128:L29#10:Milan || D114:F:1:L7#4:Milan || r22: D108:F:Milan:p2L20,p3L2,p3L6,p3L15 ; D111:Z:Milan:p2L20,p3L3,p3L6,p3L15 (tilde vu r22) || r21: PROUVE Milan ; r21: D108:F:Milan:p2L20,p3L2,p3L6,p3L15
ⅽ	d	PROUVE	10	r31:DISCORDANT:D148:L20#3:conviniente || r30 : D.134 (main sans points 18/1/1635) : C à barre d attaque sans queue = d ×10 (notée « € » dans v1 → erreur de notation, 10 FAUX au test n°7) || r30:F:10:D134:L7#9:d,D134:L8#4:d,D134:L9#19:d,D134:L10#4:d,D134:L12#1:d,D134:L12#6:d,D134:L12#9:d,D134:L15#5:d,D134:L21#1:d,D134:L23#19:d || r23 VERDICT vérif : PROUVE_J -> PROUVE || r21: ALIAS de K (notation D108 p2-p4 pour la forme ℓ/ᑕ) ; ATTENTION forme € (bouclée) = a, voir €
€	a	PROUVE	58	r31:F:31:D148:L6#9:a,D148:L6#18:a,D148:L8#10:a,D148:L9#7:a,D148:L10#6:a,D148:L10#17:a,D148:L19#9:a,D148:L20#6:a,D148:L22#2:a,D148:L22#16:a,D148:L25#10:a,D148:L25#13:a,D148:L26#4:a,D148:L26#9:a,D148:L30#14:a,D148:L31#5:a,D148:L33#15:a,D148:L34#5:a,D148:L34#8:a,D148:L35#2:a,D148:L37#3:a,D148:L39#10:a,D148:L41#10:a,D148:L42#1:a,D148:L42#15:a,D148:L43#2:a,D148:L44#15:a,D148:L48#3:a,D148:L49#15:a,D148:L53#3:a,D148:L53#15:a || r30 : D.134 : C à longue boucle DESCENDANTE = a ×8 (notée « ȩ » dans v1) || r30:F:8:D134:L5#1:a,D134:L6#12:a,D134:L8#6:a,D134:L13#9:a,D134:L13#12:a,D134:L13#16:a,D134:L15#17:a,D134:L19#4:a || D114:F:10:L1#14:a,L3#4:a,L10#2:a,L10#16:a,L15#1:a,L15#12:a,L15#18:a,L17#5:a,L18#10:a,L19#16:a || r21: D108:F:a:p2L5-a entrambas,p3L6-a Milan,p3L8-Aragon,Valencia,p3L11-al Conde,p3L12-al (Turco),p3L17-al embaxador,p3L20-a la Republica,p3L21-al enemigo (transcrit ⅽ dans p2-p3 v1 ; forme € bouclée distincte de ℓ = d)
oc	os	PROUVE	42	r31:F:10:D148:L7#11:os,D148:L13#11:os,D148:L16#7:os,D148:L16#15:os,D148:L23#10:os,D148:L28#17:os,D148:L34#7:os,D148:L47#6:os,D148:L53#9:os,D148:L54#5:os || r30:F:9:D134:L6#19:os,D134:L9#20:os,D134:L15#3:os,D134:L16#7:os,D134:L17#9:os,D134:L18#16:os,D134:L22#8:os,D134:L22#16:os,D134:L24#2:os || r28:F:1:D128:L2#2:os || r27:F:3:D126:L3#5:os,D126:L3#11:os,D126:L8#10:os || r26:F:4:D121:L4#2:os,D121:L4#8:os,D121:L6#11:os,D121:L10#12:os || r25:F:1:D101:L4#15:os || D103:F:5:L1#9:os,L4#19:os,L12#14:os,L14#2:os,L23#2:os || D114:F:3:L20#14:os,L22#9:os,L23#18:os || r21: D108:F:os:p2L5-co(s)sas,p2L16-advertiros,p3L11-deciros,p3L15-costas,p3L18-vos,p3L23-os(lo he mandado)
ic	is	PROUVE	46	r31:F:9:D148:L9#2:is,D148:L10#9:is,D148:L23#17:is,D148:L30#13:is,D148:L32#7:is,D148:L38#12:is,D148:L45#12:is,D148:L48#15:is,D148:L51#10:is || r30:F:9:D134:L3#5:is,D134:L4#12:is,D134:L5#9:is,D134:L9#5:is,D134:L15#7:is,D134:L16#10:is,D134:L20#4:is,D134:L23#9:is,D134:L24#11:is || r28:F:4:D128:L8#15:is,D128:L9#15:is,D128:L12#14:is,D128:L23#2:is || r27:F:1:D126:L2#4:is || r26:F:5:D121:L6#1:is,D121:L6#3:is,D121:L8#5:is,D121:L10#8:is,D121:L11#18:is || r25:F:3:D101:L6#2:is,D101:L6#16:is,D101:L8#17:is || D103:F:5:L5#9:is,L8#16:is,L13#12:is,L18#17:is,L22#11:is || D114:F:6:L10#15:is,L12#6:is,L21#8:is,L22#16:is,L23#7:is,L24#20:is || r21: D108:F:is:p1L15-disponiendo(Kic),p2L16-tengais,p3L6-pasaseis,p4L3-socorrereis
ay	par	PROUVE	25	r31:F:8:D148:L2#17:par,D148:L4#6:par,D148:L11#14:par,D148:L22#5:par,D148:L29#12:par,D148:L34#1:par,D148:L41#13:par,D148:L42#4:par || r30:F:1:D134:L22#2:par || r28:F:5:D128:L11#1:par,D128:L11#19:par,D128:L15#7:par,D128:L26#5:par,D128:L27#1:par || r27:F:1:D126:L8#13:par || r26:F:1:D121:L3#8:par || D103:F:1:L12#5:par || D114:F:4:L4#13:par,L6#2:par,L6#14:par,L11#5:par || r21: D108:F:par:p2L6-parlamento(Z),p2L10-parecido,p2L17-parece,p2L23-pareciere ; ATTENTION forme proche de ∝y (= i, α à queue) : décider à la forme
ay≠	para	PROUVE	8	r21: D108:F:para:p1L6,p1L22,p2L3(Z),p2L4(Z),p2L13,p2L16,p3L13,p3L14 (ay lié à un ≠ COURT ; ≠ court ≠ ∓ long = s) ; D.111 écrit « 46 tan » pour para
∝	o	PROUVE	33	r31:DISCORDANT:D148:L20#13:a,D148:L49#12:a || r31:F:5:D148:L6#4:o,D148:L8#9:o,D148:L25#18:o,D148:L43#6:o,D148:L50#12:o || r30:F:4:D134:L18#2:o,D134:L18#6:o,D134:L19#12:o,D134:L21#5:o || r28:F:1:D128:L14#10:o || r26:F:1:D121:L5#11:o || r25:F:1:D101:L7#10:o || D103:F:8:L3#15:o,L5#2:o,L5#10:o,L5#18:o,L11#9:o,L11#16:o,L13#9:o,L14#10:o || D114:F:2:L1#7:o,L16#10:o || r22: r22 : D108 p4L5 « 186 ∝ 14 sel 16 ad ha » ↔ D.110 « vuestra Imbernada » : ∝ = i ?, queue NON vue au zoom ×3,5 (z8_zoom) → contexte f NON utilisé, SIGNALÉ au vérificateur (risque ∝/∝y) || r21: D108:F:o:p2L4-pero(Z),p2L6-obliga,p2L7-aora,p2L10-ordenole,p2L13-mejor,p2L18-ofrecido,p3L5-aora,p3L10-jornada,p3L16-pero,p3L20-deseo(Z),obligar(Z) ; forme « x »/α SANS queue
∝y	i	PROUVE	30	r31:F:18:D148:L3#6:i,D148:L5#18:i,D148:L11#2:i,D148:L14#4:i,D148:L15#4:i,D148:L15#18:i,D148:L18#18:i,D148:L19#12:i,D148:L24#4:i,D148:L27#8:i,D148:L30#3:i,D148:L30#5:i,D148:L31#10:i,D148:L33#7:i,D148:L34#13:i,D148:L39#13:i,D148:L44#12:i,D148:L49#3:i || r30 : D.134 : alpha à longue queue croisée = i ×8 (notée « ∝ » dans v1 → 8 FAUX au test n°7) ; 1 contexte o (L9 continuo, forme non zoomée) || r30:DISCORDANT:D134:L9#15:o || r30:F:8:D134:L7#19:i,D134:L10#18:i,D134:L14#7:i,D134:L15#10:i,D134:L17#2:i,D134:L22#6:i,D134:L23#14:i,D134:L23#16:i || r21: D108:Z:i:p2L4-adviertole,p3L20-haviades ; F:i:p3L13-viene,p3L14-conseguirlo (α À QUEUE descendante, lu « a4/ay ») ; autres i (p1L5, p2L1, p2L20, p2L23, p3L5) transcrits ∝ en v1, forme non vérifiée → non comptés
a4	i	PROUVE	3	r28:F:1:D128:L9#3:i || r26:F:1:D121:L9#2:i || r21: ALIAS de ∝y (lu « a4 » p3L4 Isla) ; voir ∝y
puz	era	PROUVE	4	r30:F:1:D134:L7#10:era || r21: D108:F:era:p2L2-pues era,p2L23-verano,p4L3-fuera
ey	per	PROUVE	10	r31:F:2:D148:L10#10:per,D148:L25#17:per || r30:DISCORDANT:D134:L17#4:por || r30:F:1:D134:L18#1:per || D114:F:3:L10#10:per,L12#9:per,L13#18:per || r21: D108:F:per:p2L4-pero(Z),p3L12-despertar,p3L16-desapercevido,pero
col	de	PROUVE	38	r31:DISCORDANT:D148:L21#4:que,D148:L22#7:que || r31:F:23:D148:L1#10:de,D148:L5#12:de,D148:L10#20:de,D148:L14#7:de,D148:L15#13:de,D148:L15#16:de,D148:L18#16:de,D148:L21#2:de,D148:L22#12:de,D148:L24#6:de,D148:L26#15:de,D148:L27#6:de,D148:L28#9:de,D148:L29#1:de,D148:L31#8:de,D148:L34#11:de,D148:L37#7:de,D148:L39#1:de,D148:L44#18:de,D148:L46#16:de,D148:L48#16:de,D148:L50#13:de,D148:L54#3:de || r30:F:10:D134:L2#16:de,D134:L3#17:de,D134:L5#10:de,D134:L6#5:de,D134:L9#6:de,D134:L11#1:de,D134:L12#17:de,D134:L14#11:de,D134:L14#16:de,D134:L17#13:de || r21: D108:F:de:p2L11-leva de,p3L10-jornada de,p3L15-estado de,p3L17-de Venecia,p3L19-de aca
41	an	PROUVE	9	r28:F:1:D128:L4#13:an || r27:F:1:D126:L4#17:an || D103:F:1:L14#7:an || D114:F:3:L3#18:an,L13#6:an,L25#9:an || r21: D108:F:an:p3L6-antes,p3L10-Levante,p3L16-tan
43	n|yn	PROUVE_DISC	6	r31:DISCORDANT:D148:L37#4:l || r31:F:2:D148:L6#13:in,D148:L14#8:in || D114:F:1:L20#2:yn || r21: D108:F:p2L3-tren(n),p3L1-yntente(yn),p3L4-yntentar(yn)
37³	Alemanes	PROUVE	3	r21: D108:F:p2L11,p2L17,p2L21(D.110 « Mantua? » : lecture d'époque douteuse)
94	quanto	PROUVE	4	r27:F:1:D126:L11#12:quanto || r21: D108:F:p2L6,p3L6,p3L19 (+p3L10 en quanto)
2̃2	asi|ase	PROUVE_DISC	7	r31:F:2:D148:L7#6:assi,D148:L16#16:asi || r30:F:1:D134:L15#2:asi || D114:DISCORDANT:L4#9:assi || r21: D108:F:p2L9-assistir,p2L10-assimismo,p4L1-assi ; p2L8-asegurando(ase)
riz	estado	PROUVE	6	r28:F:3:D128:L11#5:estado,D128:L25#11:estado,D128:L30#9:estado || D103:F:1:L11#21:estado || r21: D108:F:p2L20,p3L15
20	ç	PROUVE	8	r31:F:5:D148:L9#6:ç,D148:L12#4:ç,D148:L30#4:ç,D148:L41#5:ç,D148:L49#4:ç || r21: D108:F:p2L11-Albornoz,p3L19-plaças,p4L2-plaça
sol	bo	PROUVE	3	r26:F:1:D121:L9#9:bo || r21: D108:F:p2L11-Albornoz,p3L5-bolvieredes (b/v : bo = vo)
toc	haviendo	PROUVE	2	r21: D108:F:p1L6-no haviendo,p3L18-haviendo
calt	qui	PROUVE	3	r31:F:1:D148:L36#2:qui || r21: D108:F:p1L8-monarquia,p3L17-aqui
135³	socorre	PROUVE	3	r31:F:1:D148:L45#18:socorre || r21: D108:F:p3L21-socorrer,p4L3-socorrereis
raz⁊	españo	PROUVE	6	r28:F:2:D128:L2#19:españo,D128:L15#14:españo || D103:F:1:L20#15:españo || r21: D108:F:p2L19,p3L1,p3L7
rot	liga	PROUVE	3	r31:F:1:D148:L49#14:liga || r21: D108:F:p2L6-obliga,p3L20-obligar
1̃5	manda	PROUVE	8	r30:F:1:D134:L13#6:manda || r28:F:1:D128:L28#4:manda || r27:F:1:D126:L13#4:manda || r26:F:1:D121:L10#15:manda || D103:F:1:L12#11:manda || r21: D108:F:p3L7,p3L16,p3L23 (mandado) = 15 surmonté
Ⓓ	p	PROUVE	17	r31:F:10:D148:L3#15:p,D148:L8#18:p,D148:L15#7:p,D148:L17#9:p,D148:L21#8:p,D148:L36#6:p,D148:L40#7:p,D148:L48#4:p,D148:L51#5:p,D148:L51#11:p || r30:F:1:D134:L24#7:p || D103:F:4:L4#4:p,L5#5:p,L9#10:p,L20#5:p || D114:F:2:L7#12:p,L20#8:p || r21: ALIAS de D (p cerclé) : D108:F:p2L8-aprieto,p2L22-cumpliendo,p3L7-prisa,passen,p3L19-plaças,p3L23-aprovar
⁊	l	PROUVE	0	r21: ALIAS de 7 (notation D108) : D108:F:el ×8,p2L9-ultimo,p2L11-al
⊖	f	HYP	1	r21: D108:F:p2L18-ofrecido
ter	xe|se	DOUBLE	14	r31:F:1:D148:L32#9:xe || r30:DISCORDANT:D134:L10#20:re,D134:L21#6:ge || r30:F:2:D134:L5#12:xe,D134:L18#13:se || r28:F:1:D128:L29#14:xe || r26:F:2:D121:L3#11:xe,D121:L8#8:xe || r24 D103 : xe ×3 (executar ×2, executareis) + se ×1 (executarse L18) → DOUBLE confirmé (2 lettres) || D103:F:4:L8#3:xe,L8#12:xe,L18#8:xe,L18#12:se || r23 D114:F:xe:L8-execute,L11-executar,L25-executar ; D108:p4L1 « sea » (r21 HYP se) → valeur double entre lettres = NON compris (règle homogène) ; relire D.108 p4L1 au zoom || D114:DISCORDANT:L8#2:xe,L11#8:xe,L25#2:xe || r21: D108:F:p4L1-sea
196	venecianos	HYP	1	r21: D108:F:p4L3
165	tambien	PROUVE	1	r28 : D.128 ×2 « tanbien » (graphie n/m, même mot) + contexte antérieur (HYP) → PROUVE (2 lettres) || r28:DISCORDANT:D128:L7#1:tanbien,D128:L20#10:tanbien || r21: D108:F:p3L7
ney	galera	PROUVE	7	r31:F:1:D148:L12#5:galera || r30:F:1:D134:L12#15:galera || r28:F:1:D128:L8#16:galera || r27:F:1:D126:L11#17:galera || r26:F:1:D121:L3#6:galera || r25 promu : 2e lettre (D.101) || r25:F:1:D101:L3#1:galera || r21: D108:F:p3L2-galeras
tor	so|jo	CONTRADICTION	3	r31:DISCORDANT:D148:L37#18:xo || r30:F:1:D134:L17#3:so || r28:DISCORDANT:D128:L2#4:xo || r24 D108 so (HYP) / D103 L8 mejor = jo || D103:DISCORDANT:L8#9:jo || r21: D108:F:p4L2-sola
1̃3	mucho	PROUVE	5	r31:DISCORDANT:D148:L10#19:Marques || r31:F:2:D148:L7#16:mucho,D148:L47#11:mucho || r25:F:1:D101:L3#15:mucho || r24 promu par D.103 (autre lettre) || D103:F:1:L4#1:mucho || r21: D108:F:p3L5 (1̃3 3̃0 = mucho menos)
♀	Conde	HYP	1	r31:DISCORDANT:D148:L50#5:cuydado,D148:L52#14:cuydado || r21: D108:F:p3L11
sul	bu	PROUVE	5	r31:F:1:D148:L50#14:bu || r30:F:1:D134:L11#11:bu || r28:F:1:D128:L10#9:bu || r27 promu : 2e lettre (D.126) || r27:F:1:D126:L13#7:bu || r22: D108:F:bu:p4L4-buen (sul 42 = buen ; série sal va / sel ve / sil vi / sol bo)
186	vuestra	PROUVE	6	r30:F:3:D134:L8#11:vuestra,D134:L11#10:vuestra,D134:L21#18:vuestra || r27:F:1:D126:L1#6:vuestra || r24 promu par D.103 (autre lettre) || D103:F:1:L20#1:vuestra || r22: D108:F:vuestra:p4L5 (↔ D.110 p6 « vuestra Imbernada »)
5̌0	obligacion	HYP	1	r23 VERDICT vérif : D.108 p2L12 « oy pan 5̌0 cel » marque suscrite, distinct de 50 = pu ; même lieu D.108/D.111 = 1 ctx
cal	que	PROUVE	26	r28:F:13:D128:L1#9:que,D128:L4#5:que,D128:L5#11:que,D128:L7#10:que,D128:L8#5:que,D128:L14#3:que,D128:L23#8:que,D128:L24#7:que,D128:L25#3:que,D128:L26#13:que,D128:L27#10:que,D128:L30#1:que,D128:L30#12:que || r26:F:1:D121:L9#6:que || r25 promu : 2e lettre (D.101) || r25:F:1:D101:L6#13:que || r23 D114:F:que:L3,L5×2,L11,L12,L14×2,L15,L17,L18,L19,L24 (L6 « par te cal de » = ∅ : 1 surnuméraire)
cal⁊	qua	PROUVE	2	r23 D114:F:qua:L21-esquadras ; D108:F:qua:p4L1-esquadra (« ec cal⁊ ⅽ tan », D.110) → 2 lettres
v	u	PROUVE	13	r28:F:3:D128:L1#16:b,D128:L9#2:v,D128:L14#5:u || r26 promu : 2e lettre (D.121) || r26:F:4:D121:L6#2:v,D121:L9#1:v,D121:L10#5:v,D121:L11#8:u || r25 : CONTRADICTION u|h levée par la table de glyphes (les 2 « h » de D.103 = ν arrondi) ; v pointu = u ×6 dans D.114 seule || r24 D114 u/v ×6 (petit v) / D103 h ×2 (L10 « v ∓ q » ha a, L12 « v H » he) : petit v vs V capital à revoir au zoom (main D.103) || r23 D114:F:u/v:L5-juzgare,L10-advertido,L12-Monsieur,L23-advertido,L25-vanderas,L25-Monsieur ; ⚠ L3 « que se v an (tenido) » sans contrepartie (∅) ; petit v ≠ V capital (= h, D.111)
y	o	PROUVE	6	r28 promu : 2e lettre (D.128) || r28:F:3:D128:L1#15:o,D128:L16#13:o,D128:L24#6:o || r23 D114:F:o:L5-mejor,L10-Pero,L13-Thomas (y isolé, forme ≠ 9)
z	i|v	CONTRADICTION	3	r27 D.126 (main à points 16/11/1634) : « z » plat = v/b ×2 (haviades, acabado) contre i ×3 dans D.114 → forme z/2 ambiguë selon la main : NON compris || r27:DISCORDANT:D126:L2#8:v,D126:L7#3:b || r23 D114:F:i:L5-Guisa,L19-Guisa,L24-advierto
e	t	PROUVE	4	r27 promu : 2e lettre (D.126) || r27:F:1:D126:L12#11:t || r23 D114:F:t:L2-Balcat,L13-entrado,L16-Thomas
xal	ya	PROUVE	6	r30:F:1:D134:L13#10:ya || r27 promu : 2e lettre (D.126) || r27:F:1:D126:L5#4:ya || r23 D114:F:ya:L15-vaya,L18-ya(doy),L21-y al,L23-ya(estais)
≠	a	PROUVE	35	r31:F:3:D148:L4#7:a,D148:L22#6:a,D148:L41#14:a || r30:F:1:D134:L22#3:a || r28:F:4:D128:L9#8:a,D128:L11#12:a,D128:L12#4:a,D128:L30#6:a || r27 D.126 L1 « deste » : signe court noté ≠ = s (et ≠? L7 = s) ; mais ≠ = a ×3 dans la même lettre → confusion de FORME ≠/∓ dans cette main, valeur a conservée || r27:DISCORDANT:D126:L1#14:s || r27:F:3:D126:L2#17:a,D126:L5#3:a,D126:L7#1:a || r26:F:2:D121:L2#5:a,D121:L2#18:a || r25 TABLE DE GLYPHES : ≠ = trait court DROIT hauteur x (a) ; D.103 v2 a ×16 + D.101 ×2 || r25:F:18:D101:L4#7:a,D101:L6#8:a,D103v2:L2#14:a,D103v2:L3#19:a,D103v2:L9#17:a,D103v2:L10#5:a,D103v2:L10#10:a,D103v2:L11#12:a,D103v2:L11#18:a,D103v2:L12#17:a,D103v2:L15#4:a,D103v2:L16#12:a,D103v2:L16#20:a,D103v2:L17#13:a,D103v2:L18#15:a,D103v2:L19#5:a,D103v2:L19#13:a,D103v2:L22#17:a || r24 D103 : ≈17 « a » notés ∓ en v1 (voir ∓) — non ajoutés aux contextes (notation v1) || r23 D114:F:a:L2-al,L3-pase a (≠ court droit, zoom zshapes) ; D108 ay≠ = para (a final) → 2 lettres
71	para que	PROUVE	6	r31:F:1:D148:L31#17:para_que || r30:F:1:D134:L16#6:para_que || r24 PROUVE_1L (D.114) + D.103 = 2 lettres -> PROUVE || D103:F:1:L13#8:para_que || r23 D114:F:para que:L2,L15,L22
yal	Genoba	PROUVE	5	r27:F:1:D126:L3#7:Genoba || r26 promu : 2e lettre (D.121) || r26:F:1:D121:L2#17:Genoba || r23 D114:F:Genoba:L3,L14,L17
cro	duque	PROUVE	6	r28:F:1:D128:L7#20:duque || r27:F:2:D126:L8#4:duque,D126:L12#9:duque || r24 PROUVE_1L (D.114) + D.103 = 2 lettres -> PROUVE || D103:F:1:L17#16:duque || r23 D114:F:duque:L4,L8
1̃9⁊	avisa	PROUVE_1L	2	r23 D114:F:avisa:L19-avisare,L22-avisare ; 19⁊ (sans marque) L15 avisa = HYP
19⁊	avisa	PROUVE	3	r26 promu : 2e lettre (D.121) || r26:F:2:D121:L1#9:avisa,D121:L4#10:avisa || r23 D114:F:L15-avisa
les	xe	HYP	1	r30:DISCORDANT:D134:L16#4:ge || r23 D114:F:xe:L6-executar (L capitale)
ir	fi	PROUVE	6	r31 promu : 2e lettre (D.148) || r31:F:5:D148:L23#4:fi,D148:L40#15:fi,D148:L45#15:fi,D148:L47#2:fi,D148:L50#16:fi || r23 D114:F:fi:L10-afficionados (série ar fa / er fe / ur fu)
or	fo	PROUVE	3	r31:F:1:D148:L9#4:fo || r25 promu : 2e lettre (D.101) || r25:F:1:D101:L8#3:fo || r23 D114:F:fo:L3-esforçar
hor	dor	HYP	1	r23 D114:F:dor:L2-Comendador
30	z	HYP	1	r23 D114:F:z:L5-juzgare
8̸	t	HYP_FAIBLE	1	r23 D114:L12 fin « 8 » barré ↔ T(homas) ; forme douteuse
1̃6	muy|aunque	DOUBLE	4	r31:F:1:D148:L45#2:aunque || r28:F:1:D128:L11#11:muy || r23 D114:L9 muy / L13 aunque (marques peut-être différentes)
2̃	luego	PROUVE	6	r27:F:1:D126:L13#12:luego || r26:F:1:D121:L4#6:luego || r25:F:1:D101:L6#17:luego || r24 D103:F:luego:L12,L18 (2̃ seul) ; D114 L19 « de luego » (he 2̃ ?) → valeur luego, 2 lettres || D103:DISCORDANT:L12#16:luego,L18#13:luego || r23 D114:F:L19
55	ocasion	PROUVE	3	r30:F:1:D134:L13#15:ocasion || r24 promu par D.103 (autre lettre) || D103:F:1:L18#4:ocasion || r23 D114:F:L6
3̃9	Napoles	PROUVE	5	r30:F:1:D134:L2#17:Napoles || r28 promu : 2e lettre (D.128) || r28:F:3:D128:L5#18:Napoles,D128:L15#18:Napoles,D128:L29#4:Napoles || r23 D114:F:L7
144	Sicilia	PROUVE	4	r28 promu : 2e lettre (D.128) || r28:F:3:D128:L12#5:Sicilia,D128:L16#5:Sicilia,D128:L29#6:Sicilia || r23 D114:F:L7
67	persona	HYP	2	r31:DISCORDANT:D148:L5#4:paz || r31:F:1:D148:L35#7:persona || r23 D114:F:L8
bli	Francia	PROUVE	2	r31 promu : 2e lettre (D.148) || r31:F:1:D148:L20#12:Francia || r23 D114:F:L13
Σur	Flandes	HYP	1	r23 D114:F:L15
33ᶜ	alli	HYP	1	r23 D114:F:L23 (D108 p4L6 33ᶜ non aligné)
3̃4⁊	nuevo|alguna	CONTRADICTION	3	r26:F:1:D121:L10#2:nuevo || r24 D114 L23 nuevo / D103 L12 alguna (marque « 9 » suscrite : forme peut-être différente) || D103:DISCORDANT:L12#4:alguna || r23 D114:F:L23
96	qualquier	PROUVE	2	r31 promu : 2e lettre (D.148) || r31:F:1:D148:L29#11:qualquier || r23 D114:F:L24
857	platica	HYP	1	r23 D114:F:L3 (forme 857? douteuse)
hac	instrucion	PROUVE	2	r25 promu : 2e lettre (D.101) || r25:F:1:D101:L8#12:instruccion || r23 D114:F:L2
ron⁊	enbia	HYP	1	r23 D114:F:L1
∫3	come(n)	HYP	1	r23 D114:F:L2 Comendador
30⁊	aquella	HYP	1	r23 D114:F:L6
64	obra	HYP_FAIBLE	4	r31:F:3:D148:L32#14:obra,D148:L37#9:obra,D148:L38#5:obra || r23 D114:L18 a obrar
plu	Guisa	PROUVE	5	r24 D103:F:Guisa:L15 (del Duque de Guisa, avec ꝑ 7),L21 (del … Guisa) ; D114 ×3 → 2 lettres || D103:DISCORDANT:L15#3:Guisa,L21#18:Guisa || r23 D114:L4 duque(cro) plu, L12 del plu, L13 el plu : Guisa / duque de Guisa ; ♀ suscrit L4 non expliqué
19	j	PROUVE_1L	2	r24 D103:F:j:L5-mejor,L17-juzgare (≠ 19⁊ avisa, 1̃9⁊)
ξ	t	PROUVE_1L	3	r24 D103:F:t:L2-traen,L2-contra,L20-dentro (signe en crochet ξ/§, ≠ ∓, ≠ ∫)
um⁊	ella	PROUVE_1L	2	r24 D103:F:ella:L17-en ella,L20-della
10	u|l	CONTRADICTION	1	r27 D.126 L12 « del duque » : 10 = l contre u (D.103, HYP) → NON compris || r27:DISCORDANT:D126:L12#8:l || r24 D103:F:u:L17-juzgare ; Monsieur ×2 (« mo n si 10 r ») = eu/u ? exclus
χ	i	HYP	1	r24 D103:F:L17 Guisa
xol	yo	PROUVE	4	r31 promu : 2e lettre (D.148) || r31:F:3:D148:L24#12:yo,D148:L25#3:yo,D148:L45#8:yo || r24 D103:F:L16 mayor
ble	franceses	HYP	1	r24 D103:F:L1 (bli Francia D114)
118	remedio	HYP	1	r24 D103:F:L4
B	conviene	PROUVE	4	r31:F:1:D148:L29#9:conviene || r28:F:1:D128:L4#6:conviene || r25 promu : 2e lettre (D.101) || r25:F:1:D101:L4#1:conviene || r24 D103:F:L4
109	Reyna	HYP	1	r24 D103:F:L7
til	Infante	PROUVE	4	r31:F:1:D148:L13#3:Infante || r28:F:1:D128:L6#1:Infante || r26 promu : 2e lettre (D.121) || r26:F:1:D121:L5#1:Infante || r24 D103:F:L10
bis	hermano	PROUVE	2	r26 promu : 2e lettre (D.121) || r26:F:1:D121:L5#10:hermano || r24 D103:F:L11
113	Rey	HYP	1	r24 D103:F:L11 (Rey de Francia ?)
89	puesto	PROUVE	3	r31:F:1:D148:L20#10:puesto || r30 promu : 2e lettre (D.134) || r30:F:1:D134:L13#18:puesto || r24 D103:F:L11
tos	so	PROUVE	5	r31:DISCORDANT:D148:L24#14:e || r31:F:3:D148:L3#19:so,D148:L15#1:so,D148:L33#4:so || r28 promu : 2e lettre (D.128) || r28:F:1:D128:L26#11:so || r24 D103:F:L11 paso
19ȝ	avise	PROUVE	2	r25 promu : 2e lettre (D.101) || r25:F:1:D101:L6#15:avise || r24 D103:F:L12
152	sobre	HYP	1	r24 D103:F:L14
xur	tu	PROUVE	3	r28:F:1:D128:L8#2:tu || r25 promu : 2e lettre (D.101) || r25:F:1:D101:L5#10:tu || r24 D103:F:L15 tuvieredes
run	forma	HYP	1	r24 D103:F:L22
xas	execucion	HYP	1	r24 D103:F:L22 execuciones
q	a	HYP	1	r24 D103:F:L10 ha atacado
1̃5⅃	mando	PROUVE	2	r25 promu : 2e lettre (D.101) || r25:F:1:D101:L5#5:mando || r24 D103:F:L5 (forme douteuse)
puzȝ	ere	HYP	1	r24 D103:F:L7 pudieredes, L13 supiere (puz ȝ : graphie ? 2 lieux) → HYP
c	e	PROUVE	23	r28:F:15:D128:L9#5:e,D128:L10#10:e,D128:L11#16:e,D128:L14#7:e,D128:L19#5:e,D128:L20#8:e,D128:L23#5:e,D128:L23#18:e,D128:L24#13:e,D128:L25#13:e,D128:L25#17:e,D128:L27#2:e,D128:L28#3:e,D128:L30#16:e,D128:L31#5:e || r26 promu : 2e lettre (D.121) || r26:F:3:D121:L6#6:e,D121:L7#12:e,D121:L9#5:e || r25 nouveau : D101:L1#3:e,D101:L1#8:e,D101:L5#12:e,D101:L6#6:e,D101:L7#6:e
tal	junta	PROUVE	3	r30 promu : 2e lettre (D.134) || r30:F:1:D134:L14#12:junta || r25 nouveau : D101:L2#1:junta,D101:L5#15:junta
184	vos	PROUVE	5	r30:F:3:D134:L4#2:vos,D134:L19#5:vos,D134:L22#11:vos || r27 promu : 2e lettre (D.126) || r27:F:1:D126:L10#10:vos || r25 nouveau : D101:L2#7:vos
cel⁊	qua	HYP	1	r25 nouveau : D101:L3#7:qua
1̃3⁊	orden	HYP	1	r25 nouveau : D101:L6#3:orden
ν	h	PROUVE_1L	2	r25 TABLE DE GLYPHES : petit v ARRONDI à crochet droit (main D.103 L10 « ν ≠ q » ha a, L12 « ν H » he) ; distinct du v POINTU de D.114 (= u) — distinction par main à confirmer sur une 2e lettre
lar	despacho	HYP	1	r26 nouveau (D.121 seule) : D121:L6#8:despacho
1̃	cuydado	HYP	1	r26 nouveau (D.121 seule) : D121:L7#17:cuydado
)	l	PROUVE	29	r28 promu : 2e lettre (D.128) || r28:F:21:D128:L2#18:l,D128:L5#12:l,D128:L5#20:l,D128:L6#8:l,D128:L7#19:l,D128:L10#2:l,D128:L10#11:l,D128:L11#4:l,D128:L12#2:l,D128:L13#3:l,D128:L15#13:l,D128:L16#3:l,D128:L17#7:l,D128:L19#6:l,D128:L20#13:l,D128:L22#9:l,D128:L25#10:l,D128:L25#14:l,D128:L30#8:l,D128:L30#17:l,D128:L31#6:l || r26 D.121 : signe « ) » isolé entre points = GROUPE, F:l ×8 (al, aquel, el ×3, del, bolverlo, ultimas) ; indice de FORME : D.105 (Dupp.do de D.103, mêmes homophones) « H . ) . 113 » ↔ D.103 « H 13 113 » (13 = l PROUVE) → alias ) = 13 probable, non promu
1̃8	Marques de Aytona	PROUVE_1L	2	r30:DISCORDANT:D134:L22#12:se || r26 D.121 L1#13 (al Marq de Aytona), L5#14 (o el Marq de Aytona) ; ≠ 18 = y (tilde interligne)
ǥ	h	PROUVE	21	r31:F:10:D148:L1#11:h,D148:L3#3:h,D148:L5#10:h,D148:L11#9:h,D148:L12#15:h,D148:L14#2:h,D148:L24#2:h,D148:L30#2:h,D148:L39#4:h,D148:L49#2:h || r30 promu : 2e lettre (D.134) || r30:F:9:D134:L3#9:h,D134:L4#8:h,D134:L5#5:h,D134:L6#7:h,D134:L9#1:h,D134:L10#16:h,D134:L13#3:h,D134:L14#5:h,D134:L23#13:h || r27 nouveau (D.126 seule) : D126:L1#2:h,D126:L2#6:h
198	visto	HYP	1	r27 nouveau (D.126 seule) : D126:L1#4:visto
Ɣ	carta	HYP	1	r27 nouveau (D.126 seule) : D126:L1#7:carta
2̂2	veinteidos	HYP	1	r27 nouveau (D.126 seule) : D126:L1#9:veinteidos
19¬	avisa	HYP	1	r27 nouveau (D.126 seule) : D126:L2#3:avisa
ƶ	i	HYP	1	r27 nouveau (D.126 seule) : D126:L2#9:i
h	x	HYP	1	r27 nouveau (D.126 seule) : D126:L2#22:x
lis	gi	HYP	1	r27 nouveau (D.126 seule) : D126:L3#4:gi
68	paz	HYP	1	r27 nouveau (D.126 seule) : D126:L5#12:paz
0	c	PROUVE_1L	3	r27 nouveau (D.126 seule) : D126:L5#13:c,D126:L10#8:c,D126:L12#3:c
143	Saboya	HYP	1	r27 nouveau (D.126 seule) : D126:L5#15:Saboya
1	d	PROUVE	5	r28 promu : 2e lettre (D.128) || r28:F:4:D128:L5#5:d,D128:L15#1:d,D128:L22#17:d,D128:L27#12:d || r27 nouveau (D.126 seule) : D126:L6#6:d
tol	Infanteria	PROUVE	2	r28 promu : 2e lettre (D.128) || r28:F:1:D128:L9#19:Infanteria || r27 nouveau (D.126 seule) : D126:L8#16:Infanteria
7ᵖ	ll	HYP	1	r27 nouveau (D.126 seule) : D126:L10#2:ll
max	general	PROUVE	3	r31:F:1:D148:L4#16:general || r30 promu : 2e lettre (D.134) || r30:F:1:D134:L2#11:general || r27 nouveau (D.126 seule) : D126:L10#20:general
m̶ᵍ	rr	HYP	1	r27 nouveau (D.126 seule) : D126:L11#9:rr
á	a	HYP	1	r27 nouveau (D.126 seule) : D126:L11#13:a
raz	España	PROUVE	5	r31:F:1:D148:L46#17:España || r30:F:2:D134:L8#7:España,D134:L13#1:España || r28 promu : 2e lettre (D.128) || r28:F:1:D128:L9#9:España || r27 nouveau (D.126 seule) : D126:L13#3:España
ox	cho	HYP	1	r30:DISCORDANT:D134:L12#14:ocho || r28 nouveau (D.128 seule) : D128:L2#1:cho
3̃5	ninguno	HYP	1	r28 nouveau (D.128 seule) : D128:L3#5:ninguno
53⁊	buena|otra	PROUVE	3	r31 promu : 2e lettre (D.148) || r31:F:1:D148:L42#2:otra || r28 nouveau (D.128 seule) : D128:L3#11:otra,D128:L11#18:buena
ax	cha	HYP	1	r28 nouveau (D.128 seule) : D128:L8#9:cha
z̃	luego	HYP	1	r28 nouveau (D.128 seule) : D128:L8#11:luego
1̃5ȝ	mande	HYP	1	r28 nouveau (D.128 seule) : D128:L9#1:mande
bes	hombre	HYP	1	r28 nouveau (D.128 seule) : D128:L13#4:hombre
33⁊	alli	HYP	1	r28 nouveau (D.128 seule) : D128:L13#8:alli
136	siempre	HYP	3	r31:DISCORDANT:D148:L54#1:tanto || r31:F:2:D148:L26#1:siempre,D148:L42#9:siempre || r28 nouveau (D.128 seule) : D128:L14#2:siempre
3̃8	necesidad	HYP	1	r28 nouveau (D.128 seule) : D128:L14#11:necesidad
124	Reyno	PROUVE	2	r30 promu : 2e lettre (D.134) || r30:F:1:D134:L2#15:Reyno || r28 nouveau (D.128 seule) : D128:L17#16:Reyno
51⁊	oficia	HYP	1	r28 nouveau (D.128 seule) : D128:L18#5:oficia
mex	general	PROUVE_1L	3	r28 nouveau (D.128 seule) : D128:L19#7:general,D128:L20#14:general,D128:L29#8:general
1)6	Virrey	PROUVE_1L	2	r28 nouveau (D.128 seule) : D128:L22#1:Virrey,D128:L29#1:Virrey
134	soldado	HYP	1	r28 nouveau (D.128 seule) : D128:L24#19:soldado
)1	para_que	HYP	1	r28 nouveau (D.128 seule) : D128:L29#11:para_que
1)0⁊	tengo	HYP	1	r28 nouveau (D.128 seule) : D128:L30#13:tengo
4̶	Conde	HYP	1	r28 : forme 4 BARRÉ vue au zoom APRÈS la mesure (zoom) en D.128 L6#9 (« del Conde de [S]astago ») ; transcrit « 4 » dans v1 = erreur de FORME ; 4 = m inchangé
rit	lugar	HYP	1	r30 nouveau (D.134 seule) : D134:L2#3:lugar
ƒ	t	PROUVE_1L	5	r30 nouveau (D.134 seule) : D134:L3#1:t,D134:L8#14:t,D134:L16#12:t,D134:L20#1:t,D134:L20#6:t
116	resolucion	HYP	1	r30 nouveau (D.134 seule) : D134:L3#7:resolucion
ril	diversion	HYP	1	r30 nouveau (D.134 seule) : D134:L5#3:diversion
2̃8	armada	PROUVE	4	r31 promu : 2e lettre (D.148) || r31:F:3:D148:L4#5:armada,D148:L9#11:armada,D148:L29#7:armada || r30 nouveau (D.134 seule) : D134:L6#1:armada
2̃9	año	PROUVE_1L	2	r30 nouveau (D.134 seule) : D134:L6#4:año,D134:L11#5:año
160	tanto	PROUVE_1L	2	r30 nouveau (D.134 seule) : D134:L10#12:tanto,D134:L17#14:tanto
17ᵗ	uv	PROUVE	4	r31 promu : 2e lettre (D.148) || r31:F:2:D148:L14#3:uv,D148:L24#3:uv || r30 nouveau (D.134 seule) : D134:L10#17:uv,D134:L14#6:uv
tic	hazer	PROUVE_1L	2	r30 nouveau (D.134 seule) : D134:L11#2:hazer,D134:L19#6:hazer
Γ	como	HYP	1	r30 nouveau (D.134 seule) : D134:L11#6:como
⊣	a|ta	HYP	2	r30 nouveau (D.134 seule) : D134:L15#14:a,D134:L22#14:ta
161	tener	HYP	1	r30 nouveau (D.134 seule) : D134:L16#14:tener
167	trabajo	HYP	1	r30 nouveau (D.134 seule) : D134:L17#12:trabajo
148	cre	HYP	1	r30 nouveau (D.134 seule) : D134:L22#13:cre
1̃9	avisa	HYP	1	r30 nouveau (D.134 seule) : D134:L23#6:avisa
2̃0	ç	HYP	1	r30 nouveau (D.134 seule) : D134:L23#15:ç
yno	y_no	HYP	1	r31 nouveau (D.148 seule) : D148:L1#3:y_no
132	suceso	HYP	1	r31 nouveau (D.148 seule) : D148:L2#14:suceso
rez⊣	espero	PROUVE_1L	3	r31 nouveau (D.148 seule) : D148:L5#7:espero,D148:L51#3:espero,D148:L54#2:espero
cru	Dios	HYP	1	r31 nouveau (D.148 seule) : D148:L5#9:Dios
m̶	r	PROUVE_1L	2	r31 nouveau (D.148 seule) : D148:L5#16:r,D148:L20#9:r
xul	yu	HYP	1	r31 nouveau (D.148 seule) : D148:L7#1:yu
θ	f	PROUVE_1L	7	r31 nouveau (D.148 seule) : D148:L11#5:f,D148:L16#1:f,D148:L19#3:f,D148:L27#11:f,D148:L28#11:f,D148:L31#13:f,D148:L34#16:f
um⊣	ella	PROUVE_1L	2	r31 nouveau (D.148 seule) : D148:L12#13:ella,D148:L50#19:ella
3̃0	aquello	HYP	1	r31 nouveau (D.148 seule) : D148:L14#15:aquello
puz³	ere	PROUVE_1L	8	r31 nouveau (D.148 seule) : D148:L15#5:ere,D148:L24#5:ere,D148:L30#6:ere,D148:L33#8:ere,D148:L34#4:ere,D148:L44#14:ere,D148:L48#10:ere,D148:L49#6:ere
1̃7	Marques	PROUVE_1L	5	r31 nouveau (D.148 seule) : D148:L15#15:Marques,D148:L18#15:Marques,D148:L27#5:Marques,D148:L31#7:Marques,D148:L34#10:Marques
2̃6	ministro	HYP	1	r31 nouveau (D.148 seule) : D148:L16#12:ministro
3̃3⊏	alli	PROUVE_1L	2	r31 nouveau (D.148 seule) : D148:L21#3:alli,D148:L43#12:alli
80	posible	HYP	1	r31 nouveau (D.148 seule) : D148:L21#7:posible
64³	obre	HYP	1	r31 nouveau (D.148 seule) : D148:L23#16:obre
135	socorre	HYP	1	r31 nouveau (D.148 seule) : D148:L26#10:socorre
3̃6	necesario	HYP	1	r31 nouveau (D.148 seule) : D148:L27#1:necesario
Ler	despues	HYP	1	r31 nouveau (D.148 seule) : D148:L28#18:despues
2̃3	asistencia	HYP	1	r31 nouveau (D.148 seule) : D148:L32#4:asistencia
bru⊣	dicha	HYP	1	r31 nouveau (D.148 seule) : D148:L35#5:dicha
3̃3	alla	HYP	1	r31 nouveau (D.148 seule) : D148:L39#5:alla
1̃9³	avise	HYP	1	r31 nouveau (D.148 seule) : D148:L48#14:avise
ád	ña	HYP	1	r31 nouveau (D.148 seule) : D148:L51#18:ña
17ᵖ	vu	HYP	1	r31 nouveau (D.148 seule) : D148:L52#4:vu
5̃0	obligacion	HYP	1	r31 nouveau (D.148 seule) : D148:L53#6:obligacion
