# Paire d'époque : HAB Cod. Guelf. 252.2 Extrav., fol. 163v bas - 164r haut, Ritthaler -> duc Rodolphe-Auguste, « Dabam Guelpherbyti pridie Cal. Martii » [1682].
# Images : https://diglib.hab.de/mss/252-2-extrav/start.htm?image=00334 ; https://diglib.hab.de/mss/252-2-extrav/start.htm?image=00335
# Lecture du vérificateur indépendant (images pleine résolution 2000 px). Colonnes : mot chiffré <TAB> glose d'époque (interlinéaire : sous la ligne en 163v, au-dessus en 164r).
# S = ſ long (clair f) ; ? = illisible. Les mots barrés du chiffré sont exclus.
Fonnu	summo
ceotyu	gaudio
ad	et
honyrryne	humillima
Wamaledyuma	veneratione
eggaby	accepi
rydalef	literas
Toga	Duce
den	tam
granamda	clemente
Koan	quem
Koudytya	quotidie
ymgrotu	includo
uledyumy	orationi
ajof	ejus
momKoen	nunquam
uprywyfgul	obliviscor
Segyen	Faciam
Tau	Deo
temda	dante
ghlumufdyghe	chronosticha
az	ex
Bfernyf	Psalmis
Kederugon	Catalogum
ryplulon	librorum
Vycemty	Wigandi
bal	per
eogdyuman	auctionem
et	ad
momtymef	nundinas
Wamtamtulon	vendendorum
Falamydef	Serenitas
Wle	Vra
Suldeffa	fortasse
eggabyd	accepit
Acu	Ego
hegdamof	hactenus
mum	non
ymtygewy	indicavi
rypluf	libros
gunbelemtuf	comparandos
Geofe	Causa
heag	haec
KOye	quia
mumton	nondum
ym	in
Kederuguf	catalogos
ymfglybdy	inscripti
ad	et
dydoryf	titulis
azulmedy	exornati
fomd	sunt
Fanbal	Semper
ethog	adhuc
Danbof	tempus
alyd	erit
anamty	emendi
auf	eos
Koy	qui
taaffa	deesse
wytamdol	videntur
Muwuf	Novos
azgybyu	excipio
Wera	Vale
Tunyma	Domine
Granamdyffyna	Clementissime
Tepen	Dabam
Coarbhalp?dy	Guelpherbyti
blytya	pridie
Ker	Cal
Neldyy	Martii
emmu	anno
Henpolcu	Hamburgo
Blymgabf	Princeps
lataed	redeat
Saryz	felix
Kwa	que
pumofKwa	bonusque
