# Compléments et corrections de l'équipe à la clé Cp.30 (« Vargas Mexia's Cipher 3 », BnF Espagnol 132, 1578-1580). Licence CC BY 4.0.
# LA CLÉ PUBLIÉE N'EST PAS REPRODUITE : alphabet, syllabes et nomenclature ont été imprimés en fac-similé par Alcocer, « Criptografía española », Revista de Archivos,
# Bibliotecas y Museos, 3e ép., t. XLII (1921), p. 628-640 (clé de Simancas, Lisbonne 14/8/1581 ; lacune T-U, codes ≈ 100+-128+), puis par J. P. Devos (1950) ;
# table reprise par S. Tomokiyo (Cryptiana, « Cipher 3 »). Ne figurent ici que les lignes dont le statut n'est ni « table Devos » ni « imprimé par Alcocer » :
# PROUVÉ-DUP = prouvé par un duplicata chiffré avec d'autres homophones ; PROUVÉ-CTX = ≥ 2 contextes ; HYP = 1 contexte ou non testé (compté NON compris).
# Environ 46 des ≈ 50 valeurs d'équipe comparables se sont révélées IMPRIMÉES à l'identique par Alcocer (elles sont retirées d'ici) : c'est une validation de la
# clé publiée, pas un apport. Hypothèses d'équipe CONTREDITES par l'imprimé (jamais comptées comprises) : 55 (apariencia, pas aquí), {nel} (forma, pas Liga),
# 14+ (poderío, pas vuestra), xal (hereje), vel (hasta agora), yil (Imperio), 79+ (secretario). Non vérifiables dans l'imprimé (lacune) : 108+ = Su Magestad, 118+ = tiempo.
# Colonnes : signe, valeur, type, statut, preuve (folio et ligne), note.
0	b	lettre	HYP	Borgia (Tomokiyo) seulement ; non testé dans Cp.30	homophone donné seulement par la reconstruction Borgia
5	d	lettre	HYP	Borgia (Tomokiyo, [5] entre crochets) seulement ; non testé dans Cp.30	[5] entre crochets chez Tomokiyo (incertain)
35	pr	syllabe	PROUVÉ-CTX	Devos donne pl (FAUX ici) ; pr = Borgia + 4 mots dans 2 lettres : procure(ys) f.245r L5/L14, prevenir L8 ; procurase, propuesto f.129r (casseur -c)	CORRIGÉ ; 35 = pr (Borgia), PAS pl (table ). Preuves f.245r : 35ρ 7⊣ 22. = procure (L5), 35ρ 7⊣ 22. ȳ = procureys (L14), 35. 25. 17σᵛ = prevenir (L8)
..	(double)	indicateur_dessus	PROUVÉ-CTX	Borgia ; rrelacion, dissimulacion, alla, possible, Navarra (f.245r)	deux points au-dessus = consonne doublée
+^	(code)	indicateur_dessus	PROUVÉ-CTX	Borgia ; codes 21@c porque, 1@c particular (f.245r) ; nomenclature NON fournie	+ au-dessus = mot-code (nomenclature NON fournie)
Q	qu	syllabe	PROUVÉ-DUP	signe « u » (21 cursif) : Q. = que ×8 f.245r, le dup f.247r écrit 21./q. aux mêmes places ; aussi f.129r/dup f.132r (-c) ; Q+@n = quan	signe en forme de « u » (lu « u. » au r1) : Q. = que (duplicata f.247r L3 écrit 21. / q. aux mêmes places que Q. de f.245r L2), Q+^ = quan (f.245r L7 « quanto conviene »)
v.	re	lettre	PROUVÉ-CTX	« x » isolé = r (variante de tracé du v de Devos) : fuere, pareceres, holgare (f.245r)	signe isolé r (tracé comme un « x ») + e : 2⊣ 4 v. = fuere (L7), 20+ 22. 7. v.̄ = pareceres (L12), 12ρ/ 11+ v. = holgare (L14)
30_	bl	syllabe	HYP	1 SEUL contexte : possible (f.245r L7) ; analogie 31_ cl, 33_ fl, 34_ gl, 35_ pl (prouvé f.138)	30 SOULIGNÉ = bl (analogie 31_ cl, 33_ fl, 34_ gl) : 20ρ 2̈3σ 30_. = possible (f.245r L7)
S	s	lettre	PROUVÉ-DUP	S. = se, Sρ 30. = sobre, S.@r = ser ; dup f.247r écrit 23./23ρ aux mêmes places ; f.129r ser (-c)	S majuscule en clair : S. = se (dup f.247r écrit 23.), Sρ 30. = sobre (L11, L13), S.ᵛ = ser (servicio L8)
21_c	porque	code	PROUVÉ-DUP	f.245r L3 « y [21+croix] importa » ; le dup épelle 20ρᵛ 21. ; 2e emploi par le sens f.129r L20 (-c) ; q (21) avec + au-dessus = porque (f.245r L3 « y [21+^] importa » ; le dup écrit en toutes lettres 20ρᵛ 21. = por que). Noté 21@c dans .
1_c	particular	code	PROUVÉ-DUP	1 SEUL contexte prouvé : f.245r L7, le dup épelle 20+ᵛ 24σ 7⊣ 15+ᵛ ; L13 « #c1 4@s » = particulares cohérent ; L16 obscur. Ne pas étendre sans nouveau contexte ; 2e ctx f.81r L11 « tan [1+] (ym?) mente » = dup f.83r D8 « tan particularmente » épelé (casseur r25, ajouts_a) ; 3e ctx dup f.167v O17 « 4̂ 1⁺ » = dup f.165v V10 « par-ti-cu-lar » épelé (-c r12) ; + f.228v V18/f.231r D19 (-b r12) -> PROUVÉ-DUP ≥ 3 ctx	2 ctx dup (f.245r L7, f.81r L11)
35_	pl	syllabe	PROUVÉ-CTX	2 mots : platica (f.138r M1 = dup f.140r D6), plaça (M6 = D11) ; casseur r22	35 SOULIGNÉ = pl (35 simple = pr)
{Rom}	para	abreviation	PROUVÉ-DUP	f.245r L1 {Rom.} = dup f.247r « 20+ 22+ » ; f.138r « ꝯom » = dup f.140r « 20+ 22+ » (+2 emplois par le sens)	signe abrégé type « ꝯom/Rom. » écrit tel quel
{quam}	muy	abreviation	PROUVÉ-DUP	f.245r L10 {quam} = dup « 16⊣ y » (muy) ; f.226r D1 {quam} = orig f.222r « muy » en clair (r4) ; L16 idem par le sens	mot-code écrit EN CLAIR (pas « cuán »)
{til}	guerra	abreviation	PROUVÉ-DUP	f.245r L11 « consejo de {til} » = dup « 11⊣ 3 22̈+ »	1 contexte
∂o	como	abreviation	PROUVÉ-DUP	f.138r L3 et M9 = dup f.140r « 7o 16o » ×2 (casseur r22) ; variante « ∂e » (main de f.81r) : f.81r L23 = dup f.83r « 7ρ 16ρ » (-a r26) ; 2e forme, même valeur	ATTENTION ∂ seul = 6 (d) ailleurs
22_c	Portugal	code	HYP	f.245r L11 « Portugal ²22 » (écrit en toutes lettres puis ²22) ; le dup écrit #22 avec + au-dessus à la place du mot ; 2e ctx de SENS provisoire f.215r L3 « el {bul} de #22+ » (embaxador de Portugal) : reste HYP tant que f.215 n'est pas relue ; 4 ctx f.200r L15, L17, f.200v M1, M3 (« portugués » épelé M3) (-c r27-28) : 1 SEULE lettre, non vérifiée → reste HYP tant que non vu dans une autre lettre	noté 22@2 dans 
6_c	pero	code	PROUVÉ-DUP (2 ctx)	f.129r L14 « a proposito [6+croix] ya que no ha podido ser » (-c) ; non résolu ; f.222v V1 orig « 20. 22o » (pero) = dup f.226r D22 6+croix ; 2e ctx par le SENS seul : f.129r L14 « a propósito [6+] ya que no ha podido ser » = « pero ya que » (piste vérificateur) ; 2e ctx dup f.167v O12 « 6⁺ ∂ρ 6σ 1⊣ρ » = dup f.165v V6 « 20. 22ρ » épelé (pero como digo) (-c r12 ; vérificateur CONFIRMÉ AVEC RÉSERVES)	1 ctx dup + 1 ctx sens
118_c	tiempo	code	PROUVÉ-CTX ; 3 ctx de sens (aucun épelé en dup) : f.113r L10 « en lo demás se tendría cuenta a su 118 » ; f.195r C7 « dar a entender al dicho {ta} en su 118 y ocasión » (-a r33) ; f.138r M11 = dup D16 « pues después con el 118 se podrá dar orden en lo demás » (même code dans les 2 mains = cohérence) ; « Parme » (r22) ABANDONNÉ : Parme est écrit en toutes lettres f.113r L18 et « con el tiempo » convient aux 3 ctx	ex-conflit Parme résolu en faveur de tiempo ; CIRCULARITÉ (vérificateur) : pour MESURER f.113, f.138 ou f.195, compter 118 comme HYP (chacune n'a alors que 2 autres ctx, non épelés) ; revu r15bis
6z/62	assí (signe « 6z » = Gτ/6ɿ ; ≠ 67 = aunque)	code	PROUVÉ-DUP	-a ; f.138r/v « y Gτ os encargo » = dup « 28+ 23σ@2 19@s » (3 ctx) ; r5 f.222r O5 « y Gτ conviene mirar mucho » et O12 « y Gτ se advierta » = dup f.226r D5 / D13 « 62 » (même signe) ; ctx sup. f.81r L25 / f.83r (-a r26), f.81v V13 / f.83v D9 (-a r28), f.231r D16 / f.228v V13 (-b r12)	le « 62 » de -c (f.129r « mescrivis 62 de la yda ») = probablement le même signe ; r7 PIÈGE : « 6z » (6 + trait en z) = assí ≠ « 67 » (6 + 7 à hampe DESCENDANTE) = aunque (vérificateur/-4) ; f.222 V5 était 67 ; V10/W8 « 28 62 » à relire
65	avis- (65. avise, 65+ avisa, 65+ᵛ avisar)	code	PROUVÉ-DUP	-a : f.138r L5 « me 65. 13@s » = dup « aviseys » ; f.138v V10 « 65+ 22+ » = dup « avisará » ; r5 f.222r O12/f.226r D12 « sobre 65 y alerta » et P1/D19 « a los 65 que me escrivis » (même code des 2 côtés : sens seul) ; r7 (vérificateur) : f.222r O1 « 6. 65+ᵛ 16. » = dup f.226r D1 (de avisarme) ; f.222v V8 = dup W6 idem → 6 contextes ; f.81r L11 « haverme 65+ 6ρ » = dup f.83r D7 « 10 25σ 23+ 6ρ » avisado (-a r25) → 7 ctx ; PROUVÉ PAR CRIB (clair) : f.165r L6 « 65+ᵛ » = « avisar » de l'ouverture en clair de f.167r (-c r12, vérificateur) ; + ctx f.81r/f.83r (-a r25), f.228/f.231 (-b r12)	4 contextes
/ (final)	(ponctuation)	piege	PROUVÉ-CTX	« / » en fin de phrase/paragraphe = ponctuation, pas l : f.245r L9, dup f.247r, dup f.132r « cuydado. »	/ isolé DANS un mot = l (Devos)
32_c	Príncipe	code	PROUVÉ-DUP ; dup f.226r D13 « al 32+ de Parma mi sobrino » = orig f.222r O12 « 10@l 35i 7i p. » (pri[n]cipe épelé) ; D17 « al {qua} 32+ » = O16 « al dicho 35i 7i p. »	2 ctx ; cf. 118 (HYP) sur f.138r
{qua}	dicho/dicha	abreviation	PROUVÉ-DUP ; dup D4 « de la {qua} {ca} » = orig O4 « 6. 15+ 6i T+ 7i 25 6+ 6 » (de la dicha ciudad) ; D17 « al {qua} 32+ » = O16 « 6i To » (dicho)	2 ctx (dup f.226r seulement)
{ca}	ciudad	abreviation	PROUVÉ-DUP ; dup D4 « {qua} {ca} » = orig O4 « dicha ciudad »	1 SEUL ctx
{pal}	francés	abreviation	PROUVÉ-DUP ; dup D6 « {pal} 4@s » = orig O6 « 33+@n 7. 23@s. » (franceses) ; 2e ctx f.222v V6 « ardid de franceses » (orig 33+@n 7.@s) = dup W5 {pal} (vu en partie par vérificateur)	2 ctx
{pam}	mucho	abreviation	PROUVÉ-DUP ; dup D5 « mirar {pam} no » = orig O5 « 16u To » (mucho)	1 SEUL ctx
{tim}	número	abreviation	PROUVÉ-DUP ; dup D7 « en {ʃʃs?} {tim} » = orig O6 « 4@n 24+@n 24o 17u 16. 22o » (en tanto numero) ; {ʃʃs?} = tanto ? (glyphe non lu)	1 SEUL ctx
{tam}	nuestra	abreviation	PROUVÉ-DUP ; dup D11 « a {tam}+ devocion » = orig O11 « 9 17u 4@s 36+ 6. 25o 7i 18@n »	1 SEUL ctx
{ʃi}	conveniente	abreviation	PROUVÉ-DUP ; dup D11 « sera {quam} {ʃi} » = orig O10 « sera muy 7o@n 25. 17i 4@n 24. »	1 SEUL ctx ; ≠ {ʃim}
{Sal}	governador	abreviation	PROUVÉ-DUP ; dup D5 « de Inchi {Sal} de la ciudadela » = orig O4 « 11o 25.@r 17+ 6o@r »	1 SEUL ctx ; lecture « Sal » du signe incertaine
{98?}	sospecha	code	HYP ; dup D9 « cierta la {98?} » = orig O9 « 23o p. T+ » ; glyphe (9 barré + 8 ?) non sûr	1 ctx, glyphe à relire ; reste HYP : croix à vérifier sur l’image
{ʃim}	-mente	abreviation	PROUVÉ-DUP (1 ctx) + CTX ; « 9/10 24@n. 24+ 6+ {ʃim} » = atentada-mente (orig O8 ET dup D8 : même signe = cohérence seulement) ; f.231r D14 « 25/ 24σ 16+ {ʃim} » = orig f.228r V11 « últimamente » épelé (-b r12, vérificateur) ; + 3 ctx de sens f.220r (señalada-, distinta-, junta-mente, casseur r9) NON indépendants (circulaires, vérificateur) : la preuve reste 1 ctx dup + sens	sens
{Sem}	negocio	abreviation	PROUVÉ-DUP ; 3 ctx dup ÉPELÉS « 17. 11ρ 7σ 18 » (ne-go-cio) : f.229r W9 et W18 = dup f.231v § 3-4 (-b r14, CONFIRMÉ vérificateur) ; f.82r R6-R7 « a los que deste {Sem} tratan » = dup f.84r A6-A7 (-a r32) ; + r5 f.138 O15 « puede ser {Sem} de más fondo » (sens)	sens OK partout
{ꝯum}	para que	abreviation	PROUVÉ-DUP ; O13/D14 « os he querido dar dello {ꝯum} lo tengais entendido » ; O14/D15 « y {ꝯum} con estar advertido » (même signe des 2 côtés) ; ≠ {ꝯom} = para ? ; vérificateur : dup f.144r {Qum} remplace « 20+ 22+ 21. » (para que) de f.142r L16 (para que con más cuydado) et L19 (para que lo tenga entendido) = 2 ctx dup ; les 2 emplois de f.222 (O13/D14, O14/D15) se lisent alors « para que lo tengáis entendido », « y para que con estar advertido » ; ctx sup. dup f.231r D18 = orig f.228v V17 « 20+ x+ 21. » (-b r12, vérificateur)	4 ctx ; ≠ {Rom}/{ꝯom} = para
bel	effeto	abreviation	PROUVÉ-DUP (2 ctx)	-a ; f.138v V6 « hazerlo con bel » = dup f.140v « con effeto » ; 2e ctx f.231r D19 « de {bel} » = orig f.228v V19 « 6. 3 2̈. 7 24ρ » (de effecto), vu par vérificateur (-b r12)	1 SEUL ctx
3/ , 4/	el	piege	PROUVÉ-DUP	-c ; f.142v « 28 23σ 3́ » = dup « 4́ » (y si el) ; r5 f.222r/f.226r « 4' » = el partout	voyelle + / dessus
6 isolé	σ (i) de la base précédente	piege	PROUVÉ-DUP	-c ; « 25 6 15+ » = dup « 25σ 15+ » ; MAIS « 4 6σ 17 » (Hesdin) = d ; « 16σ » écrit « 166 »	trancher au sens
67	aunque	code	PROUVÉ-DUP	f.245r L11 « 28 67 6.@c 7ρ^ » = dup f.247r « y 10 25^ 21. » ; f.138r M8 « 28 67 23. pu 4 » = dup f.140r D13 « 28 9 2̂5 21. 23. » (2 ctx dup, 2 lettres, 2 mains) ; cohérence (même signe des 2 côtés) : f.138v V4/E6, f.222v V5/W4 ; ctx sup. dup f.231r D17 = orig f.228v V15-16 épelé (-b r12, vérificateur)	PIÈGE : 6 + 7 à hampe descendante ; ≠ 6z = assí. Cf. f.129r L18 « por el [67] » (-c) non résolu
38	acá	code	PROUVÉ-DUP	orig « 9 7+ » (acá) = dup 38 : f.222r P2/f.226r D20 et f.222v V3/W1 (vus par vérificateur) + O3/D3 (casseur seul)	3 ctx
91	carta	code	PROUVÉ-DUP	orig « 7+@r 24+ » = dup 91 : f.222v V8/W6 « por carta de Mos. de Selles », V9/W7 « de aquella carta intercepta[da] »	2 ctx (non revus par vérificateur)
{hum}	más	abreviation	PROUVÉ-DUP	orig 16+ = dup {hum} : f.222r O15/D17 « de más fondo », f.222v V10/W8 « lo que más huviéredes sabido »	2 ctx (non revus par vérificateur)
86	bi (= 8σ, σ tracé « 6 » accolé)	piege	PROUVÉ-DUP	enbió/enbía/Fuenterrabía/también dans f.228 orig ET dup f.231 (-b r9) ; aussi f.222 O1/D1 « 8σ/86 4̂ » (bien)	lire « 86 » = 8σ, pas un code
2^ (2 au-dessus)	nul (biffure/annulation du groupe)	piege	PROUVÉ-DUP	-b r9- ; orig f.228r O2 ²7σ, O4 ²25σ, O6 ²3, O8 ²23ρ absents du dup f.231r ; dup D11 : 6 groupes surmontés de 2 (« de Fuenterrabía ») absents de l'orig V5 ; orig V4 ²0, V8 ²6 → DEUX mains	ignorer le groupe surmonté d'un 2 ; ≠ ² de « Portugal ²22 » (22_c) à f.245r
{Mõ}	Mons ?	abreviation	HYP	f.222v V9/W7 : orig « 16ρ^ 17̄ ? » ; Alcocer p.636 : mo = cuidado (à confronter au tracé)
{ſō}	cosa(s)	abreviation	PROUVÉ-DUP (3 ctx, 2 lettres)	r17 (fusion ajouts -a r35) : f.60r D3 « la {ſō} de Alanson » = orig f.58r P2 ÉPELÉ « 7o 23+ » ; f.60r E4 « sobre (e)sta {ſō} » = orig P7 ÉPELÉ « 7o 23+ » ; + f.226r D20 {ſō} = orig f.222r P2 « 7ρ 23+̄ » (cosas, barre = -s)	singulier ou pluriel selon le contexte (barre)
6σ^ (+ dessus, orig f.228)	Rey	code	PROUVÉ-DUP (2 ctx, 1 main)	f.228r O5 « de orden del Rey Christianísimo » ; dup D3 « 22. y » ; 2e ctx orig f.228v V17 « con el 6σ+ Christianísimo » = dup f.231r D18 « 22. y » épelé (vérificateur)	1 ctx
bam	Inglaterra	code	PROUVÉ-DUP (1 ctx dup + sens) ; f.229v V3 orig ÉPELLE « a 13^ 34_+ 24. x+¨ » (Inglaterra) = dup f.231v § 6 « 9 Bam » (-b r14, CONFIRMÉ vérificateur) ; + f.138r « la yda del de Alanson a bam » (même signe orig/dup ; sens : projet anglais d'Alençon)	écrit en lettres (Bam/bam)
2⊣ (« cu »)	qu (signe ≈ 2u ; = Q)	piege	PROUVÉ-CTX (≥ 4 ctx, 1 main)	f.138r M8 / dup D13 « darme [cu]enta » ; f.142r L18 = dup « dar [cu]enta » (même signe des 2 côtés : cohérence) ; casseur ; dans la main de f.220r le signe « 2u » = qu (Q) : quanto L15, cualquier L8, aquí L20 (a-qu-i), Dunquerque L23 (2u.ᵛ = quer) ; transcrire Q ; r10 (vérificateur) : dans la main de f.220r le MÊME tracé « 2⊣ » sert aussi fu (Fuenterrabía, fue, fundamento ×2) : ambiguïté de tracé fu/qu à trancher AU SENS comme T/7 ; « 2u 9 » f.220r L24 non tranché ; f.211r L15 « 4́ 2⊣+́ » = el qual (HYP, 1 ctx) MAIS même signe = fu en L24 (fundamento) : valeur tranchée au sens (vérificateur)	valeur par le sens
29σ	zi (dezía)	lecture	HYP	f.222r P3 « 6. 29σ 9 » = dup D21 « 6. 29σ 10 » (vérificateur) ; 29 = z (Devos)	corrige « 25i » (devía)
26 (tracé « 2σ »)	fi (2 + σ accolé ; ≠ 26 = u)	piege	PROUVÉ-DUP (3 ctx, 2 mains)	dup f.231r D18 « 18 2σ 7σ 18 » oficio = orig f.228v V17 ; f.228r O9/D6 con-fi-éis ; O10/D6 fi-áis (-b r11, vérificateur)	ne pas lire 26 = u
2ʃ (main du dup f.231)	= 25 (u/v), ne pas lire 28	piege	PROUVÉ-DUP	dup D14 « 2ʃσ̄ 24ρ » visto = orig V10 « 25σ̄ 24ρ » ; « 2ʃ/ 24σ 16+ » última (-b r11)	lecture
17 tracé « 12 » (main f.81v)	n	piege	PROUVÉ-DUP	f.81v V2 « 12+ 29+ 22. » Nazaret = dup f.83r « 17+ 29+ 22. » ; V16 Namur (-a r27) ; + f.82r R5 « convernà » = dup f.84r A5 « 17+ » (-a r32, r15bis)	lecture
S / S. (main f.167)	s / se (s en clair) ; m+ = ma, m6 = mi	lettre	PROUVÉ-DUP	f.167v « S. » = dup 23. ; « Sρ » = dup 23ρ (-c r12)	lettres en clair
1729 (f.220r L23)	?	code	HYP	f.220r L23 « de la passada de la [1729] por la otra vía de Dunquerque » ; dup f.224r identique (casseur r9)	non résolu
o+_c	parte	code	PROUVÉ-DUP	r12 casseur : f.220v L52 orig « pρᵛ S⊣ ô+ » = dup f.224v « pρᵛ S⊣ p+ᵛ 24. » (parte ÉPELÉ) ; + L48 « por otra ô+ », L49 « a la ô+ de Fuenterrabía » (même signe orig/dup) ; dup f.224v L36 « de mi parte » en ô+ (orig épelé p+ᵛ 24.) ; 2e ctx dup f.82r R8 « por vuestra ō+ en todo lo que conviniere » = dup f.84r A8 ÉPELÉ « 20+ᵛ 24. » (-a r32)	o surmonté de + ; 3 ctx sens + 2 ctx dup croisés
108_c	Su Magestad (el Rey)	code	PROUVÉ-CTX ; 6 ctx de sens f.105r (Pérez 13/10/1578) : « la carta de 108 » ×2 (L1, L4), « a mí me ha mandado 108 » L2, « hasta que 108 le haga merced » L7, « 108 tendrá quenta con su persona » L10, « dize 108 que V.m. vea » L14 ; + f.220v L52 « y que 108 será forzado a proveerse » (r12, ıô8 surmonté de +)	
[nul] « 2 » au-dessus	(biffure)	piege	PROUVÉ-DUP ; f.220v L47 (≈ 14 groupes « con la memoria en la … ») et f.221r L57 (22ρ̂) surmontés de 2 = absents du dup f.224v/f.225r ; même usage que f.228/f.231	3e main
gils	Estados (Alcocer p.637 : estado = « gel » au fac-similé, doublon de espía = gel ; gil attendu par la série)	code	HYP forte (valeur imprimée mais graphie gel/gil à 2 valeurs dans le fac-similé → NON compté) ; 2 ctx, MÊME graphie dans orig et dup (cohérence seulement) : f.113r L6 « sueldo de los gils » (-a r30) ; f.165v V2 / f.167v O8 « de lo que tienen los gils y plaça en su poder » (-c r12) ; non prouvé	écrit en lettres ; non compté ; non compté (règle des 2 valeurs)
1H (main A f.113)	11 (g) + voyelle	piege	PROUVÉ-DUP ; 11+ ga (satisfaga), 11o go (luego, agora), 11u gu (alguna ×2 : f.113r L3, f.113v V3 = dup f.103 d31) (-a r31) ; ce n'est PAS « u »	
1̄. (dup f.103v)	particulares	code	PROUVÉ-DUP ; 3e ctx de 1+ = particular : dup « en su 1̄. » = orig f.113 ÉPELÉ « 23⊣ p+ᵛ 24σ 7⊣ 15+ 22. 23 » (-a r31)	forme plurielle
86/δ6 (main f.195r)	d (∂) ?	piege	HYP ; f.195r C1 « 67 δ6 4 24ρ̄ » = aunque destos (-a r33) ; ≠ 8σ = bi des autres mains	trancher au sens
2⊣ = fu (main f.195r)	fu	piege	PROUVÉ-CTX ; 4e ctx fu : f.195r C4 « 23σ 2⊣ 4 22.̂ » = si fueren (-a r33) ; confirme LISEZMOI r10 (fu/qu au sens)	
[nul] « 2 » au-dessus (main f.195r)	(biffure)	piege	PROUVÉ-CTX ; 4e main : f.195r C6 « dar ²a a entender » : 1er « a » biffé (-a r33)	
arc courbe au-dessus (main f.105)	= barre = s (≠ ^ pointu = n)	piege	PROUVÉ-CTX (1 main)	r16 f.105 : 15ρ͡ los (L2), m+͡ más (L13, V1), mρ͡ Mos. (L15), 12+͡ has(ta) (L7)	
16 tracé « 26 » (main f.105)	= 16 (m) (1 à crochet)	piege	PROUVÉ-CTX (3 ctx, 1 main)	r16 f.105 : a mí me ha mandado (L2), será meior (L15), más conviene (V1)	retiré du taux DEVOS seule
{bul}	embaxador	abreviation	PROUVÉ-DUP (2 ctx, 1 lettre)	r17 (ajouts -a r35) : orig f.58r P1 « con el {bul} de {pel} » = dup f.60r D2 ÉPELÉ « 4@m 8+ 27+ 6o@r » ; P4 « y al {bul} don Pedro de Mendoça » = dup E1 ÉPELÉ « 4@m 8+ 27+ 6o@r » ; + 3e ctx de SENS f.215r L3 « que el {bul} de 22+ (Portugal) » (r17, lecture provisoire)	graphie « bul » ≠ bel (effeto) ; non revu par vérificateur
63+ (orig f.58r P5)	= 36+ (tra), lapsus du chiffreur	piege	HYP (1 ctx dup)	r17 (ajouts -a r35) : orig P5 « que 63+ ta-van » = dup f.60r E2-E3 « Q. 36+ | 24+ 25+@n » (tratavan)	ne PAS créer de code 63
⊣ tracé « 1 » (mains f.58r, f.211r)	= ⊣ (u) : 16⊣ = mu	piege	PROUVÉ-CTX (5 ctx, 2 mains)	r17 (ajouts -a r35) : orig f.58r P4 « 16 1 28 » = dup f.60r E1 « 16u 28 » (muy) ; cf. -c r7 main f.129r « 6u » = du (tracé semblable) ; r25 casseur (verdict vérificateur « justifiée, renforcée ») : f.211r L5 « 20ı.4̄ » pues, L17 « Sı » su (-c r25) + L9 « 8ı » bu(en), L19 « 24ı » tu (Pontestura) vus à l'aveugle par vérificateur	lecture
2ʒ (ʒ à queue, main f.255/f.261)	= 27 (x)	piege	PROUVÉ-CTX (5 ctx, 1 main)	r17 (ajouts -c r18) : f.255r hi-xo L11 (dup f.261r idem), L15, L18 ; me-xor L16, L19 ; valeur 27 = x DEVOS, seul le tracé est nouveau	≠ « 2ʒ. » = 23. (se)
3H / 1H souligné (main f.255)	= 31_+ (cla) (H = 1+ ligaturé)	piege	HYP (1 ctx)	r17 (ajouts -c r18) : f.255r L9 « os ha-bla-sse cla-ro » (dup f.261r « 3H » idem = cohérence seulement)	1 SEUL ctx
124 (main f.255)	= 12+ (ha) (+ tracé 4)	piege	PROUVÉ-CTX (2 ctx, 1 main)	r17 (ajouts -c r18) : f.255r L9 « os ha-blasse », L10 « lo que ha tratado » (dup idem)	lecture
3ſ (main f.255)	= 35 (pr) : 3ſ. pre, 3ſρ pro (ſ = 5)	piege	PROUVÉ-CTX (2 ctx, 1 main)	r17 (ajouts -c r18) : f.255r L13 « si-em-pre », L18 « pro-pi-o »	lecture
∂e (mains f.81r, f.211, f.200)	como	abreviation	PROUVÉ-DUP (f.81r) + PROUVÉ-CTX (f.211)	f.81r L23 = dup f.83r « 7ρ 16ρ » (r9) ; f.211v V4 « podáys satisfazer ∂e mejor os pareciere », f.211r L12 « se os [65?] ∂e havía mandado » (-c r25, verdict vérificateur « justifiée ») ; + f.200r L11 « ∂e 6σ 1⊣ρ » como digo, f.200v M12, M14 (-c r28, lettre en vérification)	PIÈGE : ressemble à « de » en clair : NE PAS lire de
T tracé « ·7 » (main f.211)	ch (6σ ·7ρ = dicho)	piege	PROUVÉ-CTX (4 ctx, 1 main)	f.211r L5 el dicho don Juan, L6 el dicho conde, L15 al dicho Gondi, L18 el dicho marqués (-c r25) ; point vu à l'aveugle L5 par vérificateur (« justifiée »)	≠ 7ρ = co ; cf. ligne T (tracé 7)
~ au-dessus (main f.211)	= ᵛ (-r)	piege	PROUVÉ-CTX (2 ctx, 1 main ; FAIBLE)	f.211r L12 « 25σ̃ 10́ » escrivir al ; f.211v V1 « 20ρ̃ » por (-c r25) ; vérificateur : « acceptable, faible », L12 non contrôlé à fort zoom	retirer en mesure ultra-sévère
16+ 7ρ / 16+ 7+ (main f.233)	mucho / muchas (lecture DEVOS m-u-ch avec 2 variantes cumulées)	piege	HYP	r28 (casseur) : ajouts_c ; 3 ctx f.233 L12 « lo [mucho] que merece », V16 « como lo hago [muchas] veras », V23 « estaré con [mucho] cuydado » ; exige + pour ⊣ (u) ET 7 pour T (ch) : deux variantes tranchées au sens ; vérificateur : V23 à ×1,3 ressemble plutôt à 16⊣ (le + n’est peut-être pas un +) ; 1 lettre / 1 main	NON compté ; ce n’est pas un code (≠ {pam} = mucho) ; Alcocer p.639 : 16+ (croix DESSUS) = polaco ; ici + APRÈS = syllabe ma : pas de conflit
ram	Navarra ? (Alcocer p.638 : code de Navarra peu lisible « cam/ram » ; cam = intención)	code	HYP forte (lecture du fac-similé incertaine) → NON compté	f.134r L9 « por la vía de Navarra se havía entendido la junta de la Reyna madre »
