# Cle Charles X Gustave -> regence de Breme-Verden 1657 (NLA Stade Rep. 5a Nr. 636), CASSEE A L'AVEUGLE (solveur homophone, n-grammes allemands) sur L1 + L3, figee le 29/09/2026 18:51:55Z.
# Fichier d'origine (sans ces lignes de commentaire) : sha256 6f4e5f1d8efa300cd43657c162e751b23166e4b88864b85f8ce0c7b8d329c994
# Colonnes : code, valeur, statut (PROUVE = >= 2 occurrences d'entrainement ; HYP ; DOUBLE), occurrences dans l'entrainement.
# Reserves (verificateur) : 27 = h et 64 = q contredits par le sens dans L2 (unser, gehoerige : trema sur le chiffre) ; 100 = ch HYP (sens : ae) ; codes > 99 de mots non etablis (149, 181 Koenig ?, 193 Herzog ?, 128, 129, 131).
1	s	PROUVÉ	9
2	s	PROUVÉ	11
3	f	PROUVÉ	3
4	n	PROUVÉ	7
5	a	PROUVÉ	9
6	f	PROUVÉ	4
7	s	PROUVÉ	5
8	n	PROUVÉ	26
9	f|n	DOUBLE	2
10	a	PROUVÉ	10
11	s	PROUVÉ	10
12	f	PROUVÉ	9
13	s	PROUVÉ	14
14	t	PROUVÉ	18
15	a	PROUVÉ	5
16	o	PROUVÉ	12
17	t	PROUVÉ	14
18	g	PROUVÉ	9
19	t	PROUVÉ	7
20	a	PROUVÉ	9
21	g	PROUVÉ	9
22	t	PROUVÉ	13
23	u	PROUVÉ	28
24	o	PROUVÉ	12
25	b	PROUVÉ	9
26	u	PROUVÉ	12
27	h	PROUVÉ	16
28	o	PROUVÉ	9
29	u	PROUVÉ	22
30	b	PROUVÉ	6
31	u	PROUVÉ	2
32	o	PROUVÉ	3
33	h	PROUVÉ	17
34	w	PROUVÉ	3
35	b	PROUVÉ	2
36	h	PROUVÉ	20
37	w	HYP	1
39	i	PROUVÉ	18
40	c	PROUVÉ	10
42	i	PROUVÉ	18
43	i	HYP	1
44	p	HYP	1
45	c	PROUVÉ	8
46	i	HYP	1
48	i	PROUVÉ	12
49	z	PROUVÉ	9
50	c	PROUVÉ	9
51	z	PROUVÉ	9
52	g	HYP	1
53	g	PROUVÉ	9
54	i	PROUVÉ	14
55	c	PROUVÉ	6
56	p	PROUVÉ	2
57	i	PROUVÉ	2
58	w	HYP	1
59	a	PROUVÉ	18
60	d	PROUVÉ	11
61	d	PROUVÉ	4
62	l	PROUVÉ	13
63	k	PROUVÉ	2
64	q	PROUVÉ	2
65	d	PROUVÉ	12
66	k	PROUVÉ	4
69	l	PROUVÉ	4
70	d	PROUVÉ	14
71	n	PROUVÉ	11
72	l	PROUVÉ	5
73	e	PROUVÉ	30
74	d|q	DOUBLE	2
75	e	PROUVÉ	21
78	l	PROUVÉ	4
79	t	PROUVÉ	6
80	e	PROUVÉ	38
81	m	PROUVÉ	5
82	b	PROUVÉ	3
83	f	HYP	1
84	m	PROUVÉ	5
85	e	PROUVÉ	28
86	p	PROUVÉ	2
87	m	PROUVÉ	10
88	r	PROUVÉ	29
89	p	HYP	1
90	e	PROUVÉ	43
91	a	PROUVÉ	5
92	r	PROUVÉ	17
93	m	PROUVÉ	5
94	c	PROUVÉ	3
95	e	PROUVÉ	23
96	n	PROUVÉ	16
97	r	PROUVÉ	37
98	l	PROUVÉ	4
99	n	PROUVÉ	44
100	ch	HYP	1
106	ff	PROUVÉ	3
111	ll	PROUVÉ	2
112	ll	PROUVÉ	2
113	mm	PROUVÉ	2
115	nn	HYP	1
116	nn	HYP	1
121	ss	PROUVÉ	2
122	ss	PROUVÉ	2
123	tt	HYP	1
125	st	PROUVÉ	2
126	st	PROUVÉ	5
127	st	PROUVÉ	3
130	sch	PROUVÉ	4
