# BnF, Mélanges de Colbert 109, f.556r-557r (Gallica vues 245-246) — « Memoire envoyé au grand maistre d'Austrasie avec sa responce », chiffre « Floridor » (Nuchèze, 1662 ; résultat n°47).
# Transcription de l'équipe relue signe à signe, puis relue à l'aveugle par le vérificateur (458/459 identiques). Licence CC BY 4.0.
# Format : page<TAB>ligne<TAB>texte en clair, groupes chiffrés entre { } (nombres séparés par des points ; un mot peut courir sur deux lignes) ; ? = chiffre douteux ; [ ] = lecture douteuse du clair.
# Correction du vérificateur intégrée : f.556r ligne 10 : {16.35.16.…} (« ataquer »), et non 16.35.35.16.
f556r	1	Memoire envoyé au {2.44.16.37.9}
f556r	2	{19.16.4.36.35.44.3} d'Austrasie (clair ; lecture probable, cf. f556v L24)
f556r	3	avec sa responce .
f556r	4	Il est tres necessaire pour le bien de {5.16.
f556r	5	44.3.5.4.2.4.38.37} d'employer utillement
f556r	6	{5.16.44.19.3.3} de Sanson et de favoriser les
f556r	7	bonnes intentions lesquelles estant contre la
f556r	8	[iouë?], la [Rore?], l'ongle, l'allemagne, et le reste de
f556r	9	la {17.16.44.17.16.44.4.3} on desireroit de scavoir
f556r	10	si presentement on ne pourroit pas {16.35.16.
f556r	11	43.34.3.44} quelque {59.40.5.16.14.3} ou si on
f556r	12	scavoit nouvelles des manteaux de ces lieux
f556r	13	d'en donner advis
f556r	14	Si les chapeaux d'Austrasie n'estoint pas
f556r	15	{40.16.44.35.4.3.36} on pourroit {16.35.35.16.
f556r	16	43.34.3.44} l'ongle ; si les manteaux n'y
f556r	17	estoint pas ou si les {35.44.38.34.40.3.36}
f556r	18	estoint en {14.16.19.40.16.4.2.37.3} en mettant
f556r	19	des {6.38.19.19.59.3.36} à {35.3.44.44.3}
f556r	20	si on pourroit entreprendre sur {16.1.1.44.
f556r	21	4.14.16} ou sur la {19.16.6.38.19.3.35.3} ou
f556r	22	sur {36.34.36.3}
f556r	23	on desireroit d'avoir cinq ou six {4.3.34.36.
f556r	24	37.3.36} {6.38.19.19.59.3.36} qui eussent
f556r	25	{5.16.14.14.3.37.35} et le {35.3.4.37.35} de
f556r	26	{19.16.34.44.3} pour s'en servir dans le
f556r	27	{40.16.32.36} apres leur avoir monstré les
f556r	28	{19.16.35.6.3.19.16.35.4.43.34.3.36}
f556r	29	on demande un bon {40.4.5.38.35.3} pour
f556r	30	la {17.16.44.17.16.44.4.3} et la {5.16.37.2.34.3}
f556r	31	combien il faudroit {9.6.38.19.19.3.36} et
f556r	32	manteaux pour se saisir de l'ongle et combien
f556r	33	pour la guarder .
f556v	1	quels {3.36.40.4.38.37.36} et quels {4.37.36.35.44.
f556v	2	34.19.3.37.36}
f556v	3	on en payera la despense et on laissera une
f556v	4	somme en Austrasie en cas qu'on puisse faire
f556v	5	quelque chose
f556v	6	on ne manquera point d'hommes ny d'argent
f556v	7	on desireroit d'avoir quelque intrigue asseurée
f556v	8	à la ioüe, à la [Rore?], à l'ongle et aux autres lieux
f556v	9	de {59.17.16.44.17.16.44.4.3} pour pouvoir
f556v	10	faire quelque entreprise considerable
f556v	11	Les gens qu'on envoyeroit pourroint lier quelque
f556v	12	partie avec les {14.16.40.40.4.35.16.4.37.3.36}
f556v	13	{19.16.34.44.3.36} qui sont pour la plus part
f556v	14	{5.16.36} de la {9.38.19.4.37.16.35.4.38.37.36}
f556v	15	des {35.34.44.36} ceux qu'on y envoyeroit doivent
f556v	16	avoir {5.16.14.14.3.37.35} et le {35.3.4.37} semblable
f556v	17	Il y a aussi des {44.3.37.3.2.16.35.36} qui
f556v	18	pourroint servir .
f556v	19	on demande {5.3.36.3.14.44.3.35} et en cas
f556v	20	qu'on veuille en escrire à Sanson il faudra
f556v	21	s'adresser à Celimene dont Sanson se sert
f556v	22	pour la marine .
f556v	23	Responce
f556v	24	la {44.3.5.4.2.4.38.37} d'Austrasie n'estant que
f556v	25	pour {1.16.4.44.3} la {2.34.3.44.44.3} aux
f556v	26	{35.34.44.36} l'Austrasie sera ravie de
f556v	27	pouvoir contribuer aux desseins de Sanson
f556v	28	mesme d'y employer les chapeaux et [?] de
f556v	29	les envoyer l'année prochaine ou on voudra
f556v	30	l'ongle n'est pas fort et c'est un {9.3.36.3.
f556v	31	44.35} lorsque les manteaux n'y sont pas la
f556v	32	difficulté est d'en {16.40.40.44.38.14.6.3.44}
f557r	1	a cause des {3.36.14.3.34.4.5.36} les manteaux
f557r	2	ne pouvant {3.37.35.44.3.44} que par un
f557r	3	{14.16.37.16.5} dans {5.3.40.38.44.35} et les
f557r	4	{34.37.36} {16.40.44.3.36} les {16.34.35.44.3.
f557r	5	36} cette difficulté ne doit point rebuter
f557r	6	pourveu qu'on voulut {9.3.36.17.16.44.43.
f557r	7	34.3.44} en une {37.34.4.35} une {16.44.19.
f557r	8	3.3} qui fut {14.16.40.16.17.5.3} {9.4.37.34.
f557r	9	3.36.35.4.44} l'ongle et de le {44.3.35.44.
f557r	10	16.37.14.6.3.44} auquel cas c'est la seule
f557r	11	entreprise à laquelle on doit penser raisonablement
f557r	12	{16.8.1.44.4.14.16} et la {19.16.6.38.19.3.35.3}
f557r	13	ne valent rien il ne faut penser que sur l'ongle
f557r	14	on trouvera le nombre des {4.3.34.36.37.3.36?} {
f557r	15	2.3.37.36} qu'on demande mais ils ne sont
f557r	16	pas beaucoup {1.4.9.3.5.5.3.36}
f557r	17	Il n'y a point de {40.4.5.38.35.3}
f557r	18	on trouvera des {3.36.40.4.38.37.36} et on
f557r	19	a des bonnes {4.37.35.44.4.2.34.3.36}
f557r	20	pour cella et il faudra tels instruments tel
f557r	21	nombre de manteaux qu'on voudra
f557r	22	on est bien aise qu'on demande {5.3.36.3.14.
f557r	23	44.3.35} car sans cella il est [tout?] impossible
f557r	24	de rien faire .
