# Cle Grana -> Infantado 1650 (AHNOB OSUNA CT.13 D.6), reconstruite par nous depuis la lettre du 28/4/1650 et son dechiffrement d'epoque (images 5-8 <-> 9-11), figee.
# Fichier d'origine (sans ces lignes de commentaire) : sha256 ff4c85039644f50b7c85ea322c848b4632335af70f77eb0537dac7b46d398cd3
# Colonnes : code, valeur, statut, nombre de contextes exacts. Statuts : PROUVE = >= 2 contextes exacts ; HYP = 1 contexte ; STRUCT = deduit des series (jamais vu) ;
#   DOUBLE = plusieurs valeurs ; NUL_REGLE = chiffre surligne (nul) ; INCONNU. Mesure severe : seuls PROUVE et NUL_REGLE comptent comme compris.
# Hors cle figee (observe dans la lettre du 9/4, non valide, compte NON compris) : 18 = m ; 61 = ve ; 62 = bi/vi.
code	valeur	statut	n_ctx_exacts
2	?	INCONNU	0
3	a	PROUVE	28
4	a	PROUVE	4
5	b	PROUVE	5
06	?	HYP	1
6	c	PROUVE	6
7	d	PROUVE	4
8	?	INCONNU	0
9	e	PROUVE	3
10	e	PROUVE	67
11	?	HYP	1
12	g	PROUVE	2
13	h	PROUVE	4
17	l	PROUVE	11
19	n	PROUVE	56
20	o	PROUVE	16
23	p	PROUVE	4
24	q	PROUVE	21
25	r	PROUVE	39
26	s	PROUVE	36
27	t	HYP	1
28	u	PROUVE	28
29	?	DOUBLE	2
30	i	PROUVE	15
31	z	HYP	1
32	j	PROUVE	5
40	ba	PROUVE	4
41	be	HYP	0
42	bi	PROUVE	4
43	bo	PROUVE	2
44	bu	STRUCT	0
45	ca	PROUVE	5
46	ce	PROUVE	6
47	ci	PROUVE	11
48	co	PROUVE	9
49	cu	PROUVE	2
50	da	PROUVE	11
51	de	PROUVE	17
52	di	PROUVE	6
53	do	PROUVE	12
54	du	HYP	1
55	fa	HYP	0
56	fe	PROUVE	2
57	fi	PROUVE	2
58	fo	HYP	1
59	fu	HYP	1
60	ga	PROUVE	2
61	ge	STRUCT	0
62	gi	HYP	0
63	go	PROUVE	3
64	gu	STRUCT	0
65	la	PROUVE	16
66	le	PROUVE	3
67	li	PROUVE	2
68	lo	PROUVE	7
69	lu	HYP	0
70	ma	PROUVE	3
71	me	PROUVE	3
72	mi	PROUVE	5
73	mo	PROUVE	7
74	mu	HYP	1
75	na	PROUVE	3
76	ne	PROUVE	4
77	ni	PROUVE	2
78	no	PROUVE	15
79	nu	STRUCT	0
80	ra	PROUVE	9
81	re	PROUVE	7
82	ri	PROUVE	4
83	ro	PROUVE	7
84	ru	HYP	0
85	pa	PROUVE	5
86	pe	PROUVE	2
87	pi	HYP	1
88	po	PROUVE	9
89	pu	STRUCT	0
90	sa	PROUVE	3
91	se	PROUVE	21
92	si	PROUVE	5
93	so	HYP	1
94	su	PROUVE	5
95	ta	PROUVE	10
96	te	PROUVE	6
97	ti	PROUVE	2
98	to	PROUVE	4
99	tu	HYP	1
110	ha	STRUCT	0
111	he	STRUCT	0
112	hi	STRUCT	0
113	ho	HYP	1
114	hu	STRUCT	0
125	Ⓑ=D. Bernardino Barberini	HYP	1
126	Ⓒ=Cardenal	PROUVE	3
127	Ⓟ=Panzirolo	PROUVE	4
134	?	INCONNU	0
139	Ⓗ=D. Luis de Haro	HYP	1
155	?	INCONNU	0
157	nuncio	PROUVE	3
163	quando	HYP	1
165	Ⓜ=S.M.	HYP	1
167	Ⓢ=Su Santidad	PROUVE	4
171	Ⓔ=Su Eminencia	HYP	1
177	Ⓥ=V.E.	PROUVE	6
	?	HYP	1
4^8	?	HYP	1
X^	(nul)	NUL_REGLE	12
