# AHNOB SANTA CRUZ C.51 — paire d'époque 1634, alignement chiffre ↔ descifrado : transcription de l'équipe sur les images PARES. CC BY 4.0.
# ?? = non aligné ; ∅ = sans contrepartie ; ? = douteux (exclu des preuves).
pan	la	F	p1L4-la(empresa)
paz	empresa	F	p1L4-empresa
cul	de	F	p1L4-de(Marsella)
ab	ma	F	p1L4-Marsella
m	r	F	p1L4-Marsella
tes	se	F	p1L4-Marsella
7	l	F	p1L4-Marsella
pan	la	F	p1L4-Marsella(lla)
cil	que	F	p1L4-que(le)
pen	le	F	p1L4-le
V	h	f	p1L4-haviades
t	a	F	p1L4-haviades
sel	vi	f	p1L4-haviades
n	a	f	p1L4-haviades
he	de	F	p1L4-haviades
∓	s	F	p1L4-haviades
for	co	F	p1L5-comunicado
ub	mu	F	p1L5-comunicado
id	ni	F	p1L5-comunicado
far	ca	F	p1L5-comunicado
ho	do	F	p1L5-comunicado
g	y	F	p1L5-y(lo)
pon	lo	F	p1L5-lo(que)
cil	que	F	p1L5-que(dice)
hi	di	F	p1L5-dice
42	en	f	p1L5-en(razon)
122	razon	f	p1L5-razon
cul	de	F	p1L5-de(prevenciones)
D	p	f	p1L5-prevenciones
ten	re	F	p1L5-prevenciones
sel	ve	F	p1L5-prevenciones
p	n	F	p1L5-prevenciones
fir	ci	F	p1L5-prevenciones
44	on	F	p1L5-prevenciones
ec	es	F	p1L5-prevenciones
46	pa	F	p1L6-para
tan	ra	F	p1L6-para
ꝑ	e	F	p1L6-el
7	l	F	p1L6-el
162	tiempo	f	p1L6-tiempo
cul	de	F	p1L6-de(su)
tus	su	F	p1L6-su
g	e	f	p1L6-execucion
K	x	f	p1L6-execucion
fur	cu	F	p1L6-execucion
fir	ci	F	p1L6-execucion
44	on	F	p1L6-execucion
od	no	F	p1L6-no(haviendo)+glose
ȝ	h	F	p1L6-haviendo(glose)
sil	vi	f	p1L6-haviendo
42	en	F	p1L6-haviendo
ho	do	F	p1L6-haviendo
ten	re	F	p1L7-respondido+glose
∓	s	F	p1L7-respondido+glose
hi	di	F	p1L7-respondido
ho	do	F	p1L7-respondido
cul	que	F	p1L8-que(el estado)
cul	de	G	p1L8-glose
g	e	F	p1L8-el+glose
7	l	F	p1L8-el
42	en	F	p1L8-en(que)
cul	que	F	p1L8-que(mi)
ib	mi	F	p1L8-mi
ob	mo	F	p1L8-monarquia
ad	na	F	p1L8-monarquia
m	r	F	p1L8-monarquia
cilt	quia	f	p1L8-monarquia
ec	es	F	p1L8-esta
xar	ta	F	p1L8-esta
t	a	F	p1L8-a(pretado)
ho	do	F	p1L9-apretado
for	co	F	p1L9-como
ob	mo	F	p1L9-como
tas	sa	F	p1L9-sabe
sel	be	F	p1L9-sabe
pan	la	F	p1L9-la(falta)
ar	fa	F	p1L9-falta
7	l	F	p1L9-falta
xar	ta	F	p1L9-falta
he	de	F	p1L9-de(dinero)
hi	di	F	p1L9-dinero
ed	ne	F	p1L9-dinero
ton	ro	f	p1L9-dinero
tus	su	F	p1L10-su
he	de	F	p1L10-defensa
er	fe	F	p1L10-defensa
p	n	F	p1L10-defensa
tas	sa	F	p1L10-defensa
cul	que	F	p1L10-que(no da)
cul	de	G	p1L10-glose
od	no	F	p1L10-no+glose
ha	da	F	p1L10-da+glose
pun	lu	f	p1L10-lugar
las	ga	f	p1L10-lugar
m	r	F	p1L10-lugar
t	a	F	p1L10-a(que)
cul	que	F	p1L10-que(se trate)
tes	se	F	p1L10-se(trate)
1683	trate	f	p1L10-trate
he	de	F	p1L10-desta
ec	es	F	p1L10-desta
xar	ta	F	p1L10-desta
paz	empresa	F	p1L10-empresa
tas	si	F	p1L11-sino
od	no	F	p1L11-sino
cul	que	F	p1L11-que(se acuda)
cul	de	G	p1L11-glose
tes	se	F	p1L11-se+glose
t	a	F	p1L11-acuda+glose
fur	cu	F	p1L11-acuda+glose
ha	da	F	p1L11-acuda+glose
for	co	F	p1L11-con(todo)
p	n	F	p1L11-con(todo)
xor	to	F	p1L11-todo
ho	do	F	p1L11-todo
g	e	F	p1L12-el(dinero)
7	l	F	p1L12-el(dinero)
hi	di	F	p1L12-dinero
ed	ne	F	p1L12-dinero
ton	ro	f	p1L12-dinero
cil	que	F	p1L12-que(se le)
tes	se	F	p1L12-se(le)
D	p	F	p1L12-proveer
ton	ro	F	p1L12-proveer
sel	ve	F	p1L12-proveer
g	e	F	p1L12-proveer
m	r	F	p1L12-proveer
42	en	F	p1L12-en(Genoba)
cil	que	F	p1L13-que(las)
pan	la	F	p1L13-las
∓	s	F	p1L13-las
xer	te	f	p1L13-asistencias
p	n	f	p1L13-asistencias
fir	ci	F	p1L13-asistencias
ac	as	F	p1L13-asistencias
he	de	F	p1L13-de(dinero)
hi	di	F	p1L13-dinero
ed	ne	F	p1L13-dinero
ton	ro	f	p1L13-dinero
he	de	F	p1L13-de(este)
ec	es	F	p1L13-este
xer	te	F	p1L13-este
29	año	F	p1L13-año
ec	es	F	p1L14-estan
xar	ta	F	p1L14-estan
p	n	F	p1L14-estan
ad	na	F	p1L14-consignadas
ha	da	F	p1L14-consignadas
∓	s	F	p1L14-consignadas
far	ca	F	p1L22-cassele
tes	se	F	p1L22-cassele
pen	le	F	p1L22-cassele
cel	que	F	p1L22-queria
tin	ri	F	p1L22-queria
t	a	F	p1L22-queria
m	r	f	p1L22-mandar
t	a	f	p2L1-para
ꝑ	e	f	p2L1-el
7	l	F	p2L1-el
29	año	F	p2L1-año
oy	por	F	p2L1-por(si)
tis	si	F	p2L1-si(havia)
V	h	F	p2L2-havia
t	a	F	p2L2-havia
sel	vi	f	p2L2-havia
far	ca	F	p2L2-casi+glose
tis	si	F	p2L2-casi
hi	di	F	p2L2-diferencia
er	fe	F	p2L2-diferencia
ten	re	F	p2L2-diferencia(ren)
fir	ci	F	p2L2-diferencia
t	a	F	p2L2-diferencia
tan	ra	F	p2L2-era
he	de	F	p2L2-de(siete)
tis	si	F	p2L2-siete
g	e	f	p2L2-siete
xer	te	F	p2L2-siete
t	a	F	p2L3-a(ocho)
ib	mi	F	p2L3-mil(infantes)
7	l	F	p2L3-mil
g	y	F	p2L3-y(dos)
ho	do	F	p2L3-dos
∓	s	F	p2L3-dos
ib	mi	F	p2L3-mil(caballos)
7	l	F	p2L3-mil(caballos)
he	de	F	p2L3-de(artilleria)
42	en	F	p2L4-en(caso)
far	ca	F	p2L4-caso
he	de	F	p2L4-de(salir)
tas	sa	F	p2L4-salir
pin	li	F	p2L4-salir
m	r	F	p2L4-salir
od	no	F	p2L4-no(para)
46	pa	F	p2L4-para(otro)
tan	ra	F	p2L4-para(otro)
cel	que	G	p2L15-glose
od	no	G	p2L15-glose
tes	se	G	p2L15-glose
tin	ri	G	p2L15-glose
oy	por	G	p2L15-glose(porque)
cil	que	F	p2L15-porque+glose
od	no	F	p2L16-no(se tiene)
tes	se	F	p2L16-se(tiene)
xir	ti	F	p2L16-tiene
42	en	F	p2L16-tiene
ꝑ	e	F	p2L16-tiene
oy	por	F	p2L16-por(buena)
pan	la	G	p2L14-glose
cul	de	G	p2L14-glose
for	co	F	p2L19-con(los españoles)
p	n	f	p2L19-con(los españoles)
pon	lo	F	p2L19-los
∓	s	F	p2L19-españoles(fin)
pen	le	F	p2L19-españoles
cil	que	F	p2L20-que(se embiaran)
tes	se	F	p2L20-se(embiaran)
cul	de	F	p2L20-de(aca)
t	a	F	p2L20-aca
far	ca	F	p2L20-aca
cil	que	F	p2L20-quedara
ha	da	F	p2L20-quedara
tan	ra	F	p2L20-quedara
pon	lo	F	p3L2-lo(de Marsella)
cul	de	F	p3L2-de(Marsella)
ab	ma	F	p3L2-Marsella
m	r	F	p3L2-Marsella
tes	se	F	p3L2-Marsella
7	l	F	p3L2-Marsella
pan	la	F	p3L2-Marsella(lla)
for	co	F	p3L2-con(los españoles)
p	n	f	p3L2-con(los españoles)
pon	lo	F	p3L2-los
pen	le	F	p3L2-españoles
∓	s	F	p3L2-españoles(fin)
t	a	F	p3L7-a(que pasen)
cil	que	F	p3L7-que(pasen)
46	pa	F	p3L7-pasen
tes	se	F	p3L7-pasen
pon	lo	F	p3L8-los
pen	le	F	p3L8-españoles
∓	s	F	p3L8-españoles(fin)
far	ca	G	p2L2-glose
ꝑ	e	F	p1L5-dice
40	c	f	p1L5-dice
ȝ	h	F	p1L7-he(le)+glose
ꝑ	e	F	p1L7-he(le)+glose
pen	le	F	p1L7-le+glose
49	po	F	p1L7-respondido
p	n	F	p1L7-respondido
oy	por	F	p1L7-por(a proposito)
t	a	F	p1L7-a(proposito)
74	proposito	f	p1L7-proposito
g	y	F	p1L11-y(prontamente)+glose
D	p	F	p1L11-prontamente
ton	ro	F	p1L11-prontamente
p	n	F	p1L11-prontamente
xar	ta	F	p1L11-prontamente
for	co	F	p1L16-con(embiar)
p	n	F	p1L16-con(embiar)
42	en	F	p1L16-embiar
sil	vi	F	p1L16-embiar
t	a	F	p1L16-embiar
m	r	F	p1L16-embiar
ꝑ	e	F	p1L16-el(dinero)
7	l	F	p1L16-el(dinero)
hi	di	F	p1L16-dinero
ed	ne	F	p1L16-dinero
ten	ro	f	p1L16-dinero
od	no	F	p1L16-no(le puedo)
so	pu	F	p1L16-puedo
ꝑ	e	f	p1L17-puedo
ho	do	F	p1L17-puedo
t	a	F	p1L17-aprobar
D	p	F	p1L17-aprobar
ten	ro	f	p1L17-aprobar
sal	ba	F	p1L17-aprobar
m	r	F	p1L17-aprobar
he	de	F	p1L18-de(ver)
2	v	F	p1L18-ver
g	e	F	p1L18-ver
m	r	F	p1L18-ver
ec	es	F	p1L18-este
xer	te	F	p1L18-este
29	año	F	p1L18-año
tes	se	F	p1L18-se(puede)
so	pu	F	p1L18-puede
ꝑ	e	F	p1L18-puede
he	de	F	p1L18-puede
xer	te	F	p1L18-temer
eb	me	F	p1L18-temer
m	r	F	p1L18-temer
tis	si	F	p1L18-si(no llega)
od	no	F	p1L18-no(llega)
pen	le	F	p1L18-llega
las	ga	F	p1L18-llega
ec	es	F	p1L19-ese
g	e	F	p1L19-ese
hi	di	F	p1L19-dinero
ed	ne	F	p1L19-dinero
ten	ro	f	p1L19-dinero
pon	lo	F	p1L19-los(exercitos)
∓	s	F	p1L19-los(exercitos)
cel	que	F	p1L19-que(duran)
ha	da	F	p1L19-quedaran
tan	ra	F	p1L19-quedaran
p	n	f	p1L19-quedaran
tis	si	F	p1L19-sin
p	n	f	p1L19-sin
46	pa	F	p1L19-paga
las	ga	F	p1L19-paga
he	de	F	p1L19-desde
∓	s	F	p1L19-desde
he	de	F	p1L20-de(el mes)
ꝑ	e	F	p1L20-el(mes)
7	l	F	p1L20-el(mes)
eb	me	F	p1L20-mes
∓	s	F	p1L20-mes
he	de	F	p1L20-de(setiembre)
tes	se	F	p1L20-setiembre
xir	ti	F	p1L20-setiembre
42	en	F	p1L20-setiembre
r	b	f	p1L20-setiembre
ten	re	F	p1L20-setiembre
t	a	F	p1L20-adelante
he	de	F	p1L20-adelante
pan	la	F	p1L20-adelante
p	n	F	p1L20-adelante
xer	te	F	p1L20-adelante
cel	que	F	p2L1-que(viene)
2	v	F	p2L1-viene
ed	ne	F	p2L1-viene
cil	que	F	p2L1-que(tuviere)
42	en	F	p2L1-en(orden)
52	orden	F	p2L1-orden
for	co	F	p2L5-con(lo)
p	n	F	p2L5-con(lo)
pen	lo	F	p2L5-lo(que huviere)
cil	que	F	p2L5-que(huviere)
V	h	F	p2L5-huviere
2	v	F	p2L5-huviere
sel	vi	F	p2L5-huviere
ꝑ	e	F	p2L5-huviere
ten	re	F	p2L5-huviere
tas	sa	F	p2L6-sacado
far	ca	F	p2L6-sacado
ho	do	F	p2L6-sacado
he	de	F	p2L6-del(parlamento)
7	l	F	p2L6-del(parlamento)
46	pa	F	p2L6-parlamento
m	r	F	p2L6-parlamento
pan	la	F	p2L6-parlamento
eb	me	F	p2L6-parlamento
p	n	F	p2L6-parlamento
xer	to	f	p2L6-parlamento
xer	te	F	p2L7-tengo
p	n	f	p2L7-tengo
los	go	F	p2L7-tengo
g	y	F	p2L7-y(los)
pen	lo	F	p2L7-los(que han)
∓	s	F	p2L7-los(que han)
cil	que	F	p2L7-que(han)
ȝ	h	F	p2L7-han
t	a	F	p2L7-han
p	n	F	p2L7-han
7	l	F	p2L7-llegado
pen	le	F	p2L7-llegado
las	ga	F	p2L8-llegado
ho	do	F	p2L8-llegado
t	a	F	p2L8-aora
g	e	G	p2L8-aora(glose)
tan	ra	F	p2L8-aora
fer	co	F	p2L8-con(mas)+glose
p	n	f	p2L8-con(mas)
ab	ma	F	p2L8-mas
∓	s	F	p2L8-mas
t	a	F	p2L8-aprieto
D	p	F	p2L8-aprieto
tin	ri	F	p2L8-aprieto
ꝑ	e	F	p2L8-aprieto
xor	to	f	p2L8-aprieto
ac	as	F	p2L8-asegurando
ꝑ	e	F	p2L8-asegurando
lus	gu	F	p2L8-asegurando
tan	ra	F	p2L8-asegurando
p	n	F	p2L8-asegurando
cil	que	F	p2L8-que(Francia)
ton	ro	F	p2L9-rompe
4	m	F	p2L9-rompe
47	pe	F	p2L9-rompe
ten	re	F	p2L9-resueltamente
ꝑ	e	F	p2L9-resueltamente
7	l	F	p2L9-resueltamente
xar	ta	F	p2L9-resueltamente
24	men	f	p2L9-resueltamente
pan	la	F	p2L11-la(leva)
pen	le	F	p2L11-leva
sal	va	F	p2L11-leva
cul	de	F	p2L11-de(Alemanes)
t	a	F	p2L11-Alemanes
pen	le	F	p2L11-Alemanes
ab	ma	F	p2L11-Alemanes
ed	ne	F	p2L11-Alemanes
∓	s	F	p2L11-Alemanes
cil	que	F	p2L11-que(ha encargado)
ȝ	h	F	p2L11-ha(encargado)
t	a	F	p2L11-ha(encargado)
42	en	F	p2L11-encargado
far	ca	F	p2L11-encargado
m	r	F	p2L11-encargado
las	ga	F	p2L11-encargado
ho	do	F	p2L11-encargado
t	a	F	p2L11-al(Cardenal)
7	l	F	p2L11-al(Cardenal)
46	pa	F	p2L12-pague
lus	gu	F	p2L12-pague
ꝑ	e	F	p2L12-pague
7	l	F	p2L12-el(Principe)
84	principe	f	p2L12-Principe
cul	de	F	p2L12-de(Venosa)
sel	ve	F	p2L12-Venosa
od	no	F	p2L12-Venosa
tas	sa	F	p2L12-Venosa
oy	por	F	p2L12-por(la obligacion)
pan	la	F	p2L12-la(obligacion)
50	obligacion	f	p2L13-obligacion
cil	que	F	p2L13-que(tiene)
xir	ti	F	p2L13-tiene
ꝑ	e	F	p2L13-tiene
ed	ne	F	p2L13-tiene
for	co	F	p2L13-conducir
p	n	F	p2L13-conducir
hu	du	F	p2L13-conducir
42	en	F	p2L14-encaminar
far	ca	F	p2L14-encaminar
ib	mi	F	p2L14-encaminar
ad	na	F	p2L14-encaminar
m	r	F	p2L14-encaminar
oy	por	F	p2L14-por(Triest)
tin	ri	F	p2L15-Triest+glose
ec	es	F	p2L15-Triest+glose
ꝑ	e	F	p2L15-empeñe
4	m	F	p2L15-empeñe
47	pe	F	p2L15-empeñe
ed	ne	F	p2L15-empeñe
42	en	F	p2L15-en(albaneses)
t	a	F	p2L15-albaneses
7	l	F	p2L15-albaneses
sal	ba	F	p2L15-albaneses
ed	ne	F	p2L15-albaneses
tes	se	F	p2L15-albaneses
∓	s	F	p2L15-albaneses
pon	lo	F	p2L17-los(Alemanes)
∓	s	F	p2L17-los(Alemanes)
t	a	F	p2L17-Alemanes
pen	le	F	p2L17-Alemanes
ab	ma	F	p2L17-Alemanes
ed	ne	F	p2L18-Alemanes
∓	s	F	p2L18-Alemanes
g	y	F	p2L18-y(la leva)
pan	la	F	p2L18-la(leva)
pen	le	F	p2L18-leva
sal	va	F	p2L18-leva
ec	es	F	p2L19-Espinola
48	pi	F	p2L19-Espinola
od	no	F	p2L19-Espinola
pan	la	F	p2L19-Espinola
g	y	F	p2L19-y(con los)
ren	embi	f	p2L20-embiaran
t	a	F	p2L20-embiaran
tan	ra	F	p2L20-embiaran
p	n	f	p2L20-embiaran
44	bien	f	p2L20-bien
ꝑ	e	F	p2L20-el(estado)
7	l	F	p2L20-el(estado)
nj	estado	F	p2L20-estado
he	de	F	p2L20-de(Milan)
14	Milan	F	p2L20-Milan
g	y	F	p2L20-y(que si no)
cil	que	F	p2L20-que(si no)
tis	si	F	p2L20-si(no pudiere)
od	no	F	p2L21-no(pudiere)
so	pu	F	p2L21-pudiere
hi	di	F	p2L21-pudiere
ꝑ	e	f	p2L21-pudiere
ten	re	F	p2L21-pudiere
for	co	F	p2L21-conseguir
p	n	f	p2L21-conseguir
tes	se	F	p2L21-conseguir
lus	gu	F	p2L21-conseguir
a	i	f	p2L21-conseguir
m	r	F	p2L21-conseguir
pon	lo	F	p2L21-lo(de los)
he	de	F	p2L21-de(los)
pon	lo	F	p2L21-los(Alemanes)
∓	s	F	p2L21-los(Alemanes)
t	a	F	p2L21-Alemanes
pen	le	F	p2L21-Alemanes
ab	ma	F	p2L21-Alemanes
ed	ne	F	p2L21-Alemanes
∓	s	F	p2L21-Alemanes
ꝑ	e	f	p2L22-embie
4	m	F	p2L22-embie
sel	vi	F	p2L22-embie
a	e	f	p2L22-embie
pon	lo	F	p2L22-los(napolitanos)
∓	s	F	p2L22-los(napolitanos)
ad	na	F	p2L22-napolitanos
49	po	F	p2L22-napolitanos
pin	li	F	p2L22-napolitanos
xar	ta	F	p2L22-napolitanos
od	no	F	p2L22-napolitanos
∓	s	F	p2L22-napolitanos
cil	que	F	p2L22-que(tiene)
xir	ti	F	p2L22-tiene
ꝑ	e	f	p2L22-tiene
ed	ne	F	p2L22-tiene
fur	cu	F	p2L22-cumpliendo
4	m	F	p2L22-cumpliendo
D	p	F	p2L22-cumpliendo
pin	li	F	p2L23-cumpliendo
42	en	F	p2L23-cumpliendo
ho	do	F	p2L23-cumpliendo
pon	lo	F	p2L23-los(hasta)
∓	s	F	p2L23-los(hasta)
ac	as	F	p2L23-hasta
xar	ta	F	p2L23-hasta
p	e	f	p2L23-el(numero)
7	l	F	p2L23-el(numero)
ud	nu	F	p2L23-numero
ed	me	f	p2L23-numero
ton	ro	F	p2L23-numero
cul	de	F	p2L23-de(dos mil)
ho	do	F	p2L23-dos
∓	s	F	p2L23-dos
ib	mi	F	p2L23-mil
7	l	F	p2L23-mil
for	co	F	p2L23-con(lo que si)
p	n	f	p2L23-con(lo que si)
pon	lo	F	p3L1-lo(que si)
95	que	f	p3L1-que(si)
tis	si	F	p3L1-si(el verano)
ꝑ	e	f	p3L1-el(verano)
7	l	F	p3L1-el(verano)
sel	ve	F	p3L1-verano
tan	ra	F	p3L1-verano
od	no	F	p3L1-verano
cil	que	F	p3L1-que(viene)
sil	vi	F	p3L1-viene
ꝑ	e	f	p3L1-viene
ed	ne	F	p3L1-viene
46	pa	F	p3L1-pareciere
ten	re	F	p3L1-pareciere(re1)
fir	ci	F	p3L1-pareciere
ꝑ	e	f	p3L1-pareciere
ten	re	F	p3L1-pareciere(re2)
cil	que	F	p3L1-que(se intente)
tes	se	F	p3L1-se(intente)
at	i	F	p3L1-intente
p	n	f	p3L1-intente(n1)
xer	te	F	p3L1-intente(te1)
p	n	f	p3L2-intente(n2)
xer	te	F	p3L2-intente(te2)
pan	la	F	p3L3-las(galeras)
∓	s	F	p3L3-las(galeras)
g	y	F	p3L3-y(la gente)
pan	la	F	p3L3-la(gente)
mix	gente	f	p3L3-gente
cul	de	F	p3L3-del(estado)
7	l	F	p3L3-del(estado)
nj	estado	F	p3L3-estado
g	y	F	p3L3-y(con la)
fer	co	F	p3L3-con(la que)
p	n	f	p3L3-con(la que)
pan	la	F	p3L3-la(que)
cil	que	F	p3L3-que(se podra)
tes	se	F	p3L3-se(podra)
49	po	F	p3L3-podra
l	d	F	p3L3-podra
tan	ra	F	p3L3-podra
ꝑ	e	f	p3L4-embiar
4	m	F	p3L4-embiar
sil	vi	F	p3L4-embiar
6	a	F	p3L4-embiar
m	r	F	p3L4-embiar
cul	de	F	p3L4-de(Cataluña)
far	ca	F	p3L4-Cataluña
xar	ta	F	p3L4-Cataluña
pun	lu	F	p3L4-Cataluña
ad	na	F	p3L4-Cataluña
tes	se	F	p3L4-se(podra2)
49	po	F	p3L4-podra2
l	d	F	p3L4-podra2
tan	ra	F	p3L4-podra2
at	i	F	p3L4-intentar
p	n	f	p3L4-intentar(n1)
xer	te	F	p3L4-intentar
p	n	f	p3L4-intentar(n2)
xar	ta	F	p3L4-intentar
m	r	F	p3L4-intentar
tis	si	F	p3L5-si(bolvieredes)
sil	vi	F	p3L5-bolvieredes
ꝑ	e	f	p3L5-bolvieredes
ten	re	F	p3L5-bolvieredes
he	de	F	p3L5-bolvieredes
∓	s	F	p3L5-bolvieredes
t	a	F	p3L6-a(tiempo)
162	tiempo	F	p3L6-tiempo
tes	se	F	p3L6-sera
tan	ra	F	p3L6-sera
44	bien	f	p3L6-bien
tas	sa	F	p3L6-sardos
m	r	F	p3L6-sardos
ho	do	F	p3L6-sardos
∓	s	F	p3L6-sardos
t	a	F	p3L6-a(Milan)
14	Milan	F	p3L6-Milan
D	p	F	p3L7-prisa
tin	ri	F	p3L7-prisa
tas	sa	F	p3L7-prisa
p	n	f	p3L7-pasen
ar	fa	F	p3L8-faltan
7	l	F	p3L8-faltan
xar	ta	F	p3L8-faltan
p	n	f	p3L8-faltan
cul	de	F	p3L8-de(Aragon)
t	a	F	p3L8-Aragon
tan	ra	F	p3L8-Aragon
los	go	F	p3L8-Aragon
p	n	f	p3L8-Aragon
g	y	F	p3L8-y(Valencia)
2	v	F	p3L8-Valencia
t	a	F	p3L8-Valencia(a1)
pen	le	F	p3L8-Valencia
p	n	f	p3L8-Valencia
fir	ci	F	p3L8-Valencia
t	a	F	p3L8-Valencia(a2)
pan	la	F	p3L9-la(jornada)
m	r	F	p3L9-jornada
ad	na	F	p3L9-jornada
ha	da	F	p3L9-jornada
cul	de	F	p3L9-de(Levante)
pen	le	F	p3L9-Levante
sal	va	F	p3L9-Levante
p	n	f	p3L9-Levante
xer	te	F	p3L9-Levante
ur	fu	f	p3L10-fue
ꝑ	e	f	p3L10-fue
ab	ma	F	p3L10-mal
7	l	F	p3L10-mal
t	a	F	p3L10-acuerdo
fur	cu	F	p3L10-acuerdo
ꝑ	e	f	p3L11-acuerdo
m	r	F	p3L11-acuerdo
ho	do	F	p3L11-acuerdo
tis	si	F	p3L11-sin
p	n	f	p3L11-sin
52	orden	F	p3L11-orden
ib	mi	F	p3L11-mia
t	a	F	p3L11-mia
oy	por	F	p3L11-porque
cul	que	F	p3L11-porque
tes	se	F	p3L11-se(podria)
49	po	F	p3L11-podria
l	d	F	p3L11-podria
tin	ri	F	p3L11-podria
t	a	F	p3L11-podria
he	de	F	p3L11-despertar
∓	s	F	p3L11-despertar
47	pe	F	p3L11-despertar
m	r	F	p3L11-despertar(r1)
xar	ta	F	p3L11-despertar
m	r	F	p3L11-despertar(r2)
t	a	F	p3L11-al(Turco)
7	l	F	p3L12-al(Turco)
169	Turco	f	p3L12-Turco
46	pa	F	p3L12-para(el año)
tan	ra	F	p3L12-para(el año)
ꝑ	e	f	p3L12-el(año)
7	l	F	p3L12-el(año)
29	año	F	p3L12-año
cil	que	F	p3L12-que(viene)
sil	vi	F	p3L12-viene
ꝑ	e	f	p3L12-viene
ed	ne	F	p3L12-viene
42	en	F	p3L12-en(que havremos)
cil	que	F	p3L12-que(havremos)
t	a	F	p3L12-havremos
ob	mo	F	p3L12-havremos
∓	s	F	p3L12-havremos
he	de	F	p3L12-de(tener)
fer	co	F	p3L13-conseguirlo
p	n	f	p3L13-conseguirlo
tes	se	F	p3L13-conseguirlo
lus	gu	F	p3L13-conseguirlo
at	i	F	p3L13-conseguirlo
m	r	F	p3L13-conseguirlo
pon	lo	F	p3L13-conseguirlo
he	de	F	p3L14-dexando
tar	xa	F	p3L14-dexando
p	n	f	p3L14-dexando
ho	do	F	p3L14-dexando
pan	la	F	p3L14-las(costas)
∓	s	F	p3L14-las(costas)
cul	de	F	p3L14-de(Italia)
he	de	F	p3L14-desabrigadas
∓	s	F	p3L14-desabrigadas(s1)
t	a	F	p3L14-desabrigadas
r	b	f	p3L14-desabrigadas
las	ga	F	p3L14-desabrigadas
ha	da	F	p3L14-desabrigadas
∓	s	F	p3L14-desabrigadas(s2)
g	y	F	p3L14-y(el estado)
ꝑ	e	f	p3L14-el(estado)
7	l	F	p3L14-el(estado)
nj	estado	F	p3L14-estado
he	de	F	p3L15-de(Milan)
14	Milan	F	p3L15-Milan
xar	ta	F	p3L15-tan
p	n	f	p3L15-tan
he	de	F	p3L15-desapercevido
∓	s	F	p3L15-desapercevido
t	a	F	p3L15-desapercevido
47	pe	F	p3L15-desapercevido
m	r	F	p3L15-desapercevido
fer	ce	F	p3L15-desapercevido
sil	vi	F	p3L15-desapercevido
ho	do	F	p3L15-desapercevido
47	pe	F	p3L15-pero
ton	ro	F	p3L15-pero
90	pues	f	p3L15-puesto
xor	to	F	p3L15-puesto
cil	que	F	p3L15-que(esta)
ec	es	F	p3L15-esta
xar	ta	F	p3L15-esta
ab	ma	F	p3L16-mandado
p	n	f	p3L16-mandado
ha	da	F	p3L16-mandado
ho	do	F	p3L16-mandado
cil	que	F	p3L16-que(al embaxador)
t	a	F	p3L16-al(embaxador)
7	l	F	p3L16-al(embaxador)
4	m	F	p3L16-embaxador
sal	ba	F	p3L16-embaxador
tar	xa	F	p3L16-embaxador
ho	do	F	p3L16-embaxador
m	r	F	p3L16-embaxador
cul	de	F	p3L16-de(la Republica)
pan	la	F	p3L16-la(Republica)
104	Republica	F	p3L16-Republica
cul	de	F	p3L16-de(Venecia)
189	Venecia	f	p3L17-Venecia
ten	re	F	p3L17-reside
tis	si	F	p3L17-reside
he	de	F	p3L17-reside
tes	se	F	p3L17-se(le diga)
pen	le	F	p3L17-le(diga)
hi	di	F	p3L17-diga
las	ga	F	p3L17-diga
cel	que	F	p3L17-que(haviendo)
