# Cle Ridolfi -> Arcos 1646 (OSUNA C.3456 D.107), cassee a l'aveugle (solveur homophone + hypothese syllabique), figee.
# Fichier d'origine (sans ces lignes de commentaire) : sha256 702f0a650abe5c7229b32ef8b1979b73afb1677215f2f8c63ebe635daee5a1ab
# Colonnes : nombre <TAB ou espace> valeur. Minuscule = lettre ; MAJUSCULES = syllabe. Codes 100-136 absents (non resolus).
# Valeurs fragiles (1 a 2 contextes, fixees par la grille) : 47 z, 79 TU, 81 GE (1 contexte) ; 49 BA, 53 BU, 86 FE, 87 FI (2 contextes).
20 a
21 e
22 i
23 o
24 u
25 a
26 b
27 c
29 e
31 g
32 h
33 i
34 l
36 n
37 o
38 p
40 q
41 r
42 s
43 t
44 u
47 z
49 BA
50 BE
51 BI
52 BO
53 BU
54 MA
55 ME
56 MI
57 MO
59 LA
60 LE
61 LI
62 LO
63 LU
64 CHE
65 NA
66 NE
67 NI
68 NO
70 DA
71 DE
72 DI
73 DO
74 DU
75 TA
76 TE
77 TI
78 TO
79 TU
80 GA
81 GE
82 GI
83 GO
85 FA
86 FE
87 FI
89 FO
90 FU
91 ZA
97 CHE
98 CHI
