# Compléments et corrections de l'équipe à la table « Croissy 1660 » (DE=91) de S. Tomokiyo (cryptiana, page « Louis XIV »), version v11 (29/09/2026 01:22 UTC),
# celle des mesures des n°69, 72 et 73 (les n°59, 61, 64, 66, 68 ont été mesurés avec des versions antérieures, sous-ensembles de celle-ci). Licence CC BY 4.0.
# LA TABLE DE TOMOKIYO N'EST PAS REPRODUITE : ne figurent ici que nos valeurs ajoutées ou corrigées, prouvées ou non.
# Colonnes : code, valeur, statut, contextes. Statuts : PROUVE = contextes GLOSÉS d'époque dans ≥ 2 lettres différentes, alternative exclue (seul compté compris, avec les valeurs publiées) ;
# HYP / HYP2 / HYP_FORT / DOUBLE / HYP_CONTRADICTION = NON compris. Contextes : folio ou vue Gallica (v###) de Baluze 178 + glose d'époque ; le sens d'une lettre non glosée ne compte jamais.
# Correction de la table publiée : 57 = m (et non o), PROUVÉ (f.115r « consultum », f.106v « laccompagnasse »).
400	pape	PROUVE	f.115r (v278) « du Pape en cette affaire » ; f.114v (v277) « que le Pape craignant » ; f.114r (v276) « du Pape par le moyen » ; v261 « le pape a pour luy »
90	NULLE	HYP	f.115r (v278) « d'estre ·90· 86 puissamment » (1 contexte net) ; f.114r (v276) « 158 20 90 49 88 26 » glosé « il n'y a aucun » se lit aussi 90 = a (a-a-u-cu-n) → ne départage pas (vérificateur 20:42, revu au zoom r2) | v10 (r14) : 2e LETTRE, contexte non glosé en position de nulle : M1 v402 L16 « 146 34 60 90 176 25 137 » glosé « Mais qu'elle » (90 = a exclu : « Maisa ») ; lu à 1400 px sans zoom, le 9 n'est pas contrôlé en IIIF → reste HYP (candidat PROUVE nulle après zoom).
194	su/so	DOUBLE	f.115r « consultum » ; f.114v « satisfaction sur » ; v261 « insupportable » | v8 (r10) : su reste glosé ≥ 5 fois de plus (v336 L10 « suivy », v337 L3 « sujet », v352 L10 « surplus », v370 L3 « suivre », L5 « persuader ») MAIS v352 L2 « 189 194 26 29 164 » glosé « se sont pas » + f.135 (sens « so », compté faute) → deux valeurs dans 2 lettres : DOUBLE par cohérence avec 192 (arbitrage 23:26 ; NON compris). Alternative « faute systématique 192→194 » NON retenue : ARBITRAGE coordinateur 28/09 23:58 = DOUBLE su/so (NON compris). | v10 (r14) : glosé su 4 fois de plus (M1 v402 L12 « persuade » ; F13 v410 L9 « subordi… » ; M2 v416 L3 « sur », L4 « sujet ») ; 0 nouveau so. ⚠ piège de lecture : dans M2 v417 L6 le 7 du scribe ressemble à un 4 (« 197 » de « conjoinctement » lu d'abord « 194 », zoom  → tout « 194 » isolé lu « so » mérite un zoom. Reste DOUBLE (arbitrage).
414	roy	PROUVE	f.114v « Roy sera » ; f.114r « du Roy » ; v261 « ordre du Roy »
65	y	PROUVE	LETTRE 1 = f.106r-v (v260-261, « Monsieur mon frere », glosée) : « luy » (145 65) ×3, « moy » (151 65) ×2 ; LETTRE 2 = f.114r (v276, Duplicata à Mazarin 27/12/1660, glosée) : « 137 60 30 65 197 162 » glosé « les ay tenu » (le-s-a-y-te-nu). Alternative nulle exclue (7 contextes / 2 lettres, toujours en position y). Tomokiyo : « - ». REVU par vérificateur indépendant : verif-croissy-f138 23:13 (verification/croissy-rome-1661-f138.md §2, zoom verification/croissy-f138/z276_ctx.png) → PROUVÉ, astérisque levé.
306	ambassadeur d'Espagne	PROUVE	f.114r « l'ambassadeur d'Esp.e ont présenté » ; v261 « a un ambassadeur d'Espagne »
86	NULLE	HYP	f.115r (v278) seul contexte (Tomokiyo : « - »)
81	NULLE	HYP	f.115r (v278) idem
93	NULLE	HYP	f.115r (v278) idem
80	NULLE	HYP	f.114v (v277) « le ·80· mescontentement »
57	m	PROUVE	f.115r (v278) « 20 41 147 140 49 48 85 26 194 25 201 57 » glosé « ad melius consultum » ; v261 (f.106v) « 136 85 57 164 23 153 189 » glosé « laccompagnasse » (la-co-m-pa-g-na-se, zoom  → 2 lettres (f.106 à J.-B. Colbert ; f.114-115 à Mazarin), o (Tomokiyo) et y exclus. CORRIGE Tomokiyo 57 = o. Contexte v261 RELU par vérificateur indépendant : verif-croissy-f138 23:13 (verification/croissy-rome-1661-f138.md §2 : « 5 puis 7, net ») → drapeau levé. Contexte discordant connu : f.114v (v277) « 128 1457 20 51 92 61 » glosé « Je luy ay dit » (faute de chiffrement probable, 1 contexte).
394	ordre	HYP	f.106v (v261) « 394 95 414 » glosé « ordre du roy son maistre ». 1 seule lettre → HYP. Absent de f.106r, f.114r-115r. NE PAS utiliser f.162 (« [394]s et la direction ») comme preuve.
53	d	PROUVE	f.124r L10 « 37 183 197 26 53 183 » glosé « pretendre » (p-re-te-n-d-re) ; f.124r L11 « 73 36 53 186 24 29 » glosé « bon droit » (d-ro-i-t) = 2 passages glosés ; + f.138 ×3 (sens : « couronne d'… », « s'attendre », « esgard »). Série structurelle 52 b, 53 d, 54 f (publié), 57 m (prouvé), 58 o : 2e rangée alphabétique b d f h k m o q s t u x z. [v7 : ex-PROUVE_GS rétrogradé par arbitrage coordinateur 23:26] | v8 (r10) : 2e LETTRE GLOSÉE = v352 (≈ f.148v, lettre Parme/Castro) L23-24 « 95 336 53 345 » glosé « du Conseil d'Espagne » (chiffres/croissy-rome-1661/tentatives/r10/v352_FIGEE.txt ; crop  → f.124 (2 passages) + v352 = 2 lettres glosées ; alternative exclue (« d' »). PROUVÉ.
411	quelque	PROUVE	f.124r L7 « 411 151 51 22 26 » glosé « quelque moyen » (1 ctx glosé) ; + f.138v ×2 (sens : « quelque jour un pontificat », « quelque bonne conjoncture »). Code-mot : alternative syllabique exclue. [v7 : ex-PROUVE_GS rétrogradé par arbitrage coordinateur 23:26] | v8 (r10) : v336 (f.140v) L9 « 24 84 411 21 123 189 » glosé « icy quelque chose » + v352 L22-23 « 28 411 85 26 158 206 36 79 » glosé « quelque connivence » → 3 lettres glosées (f.124, f.140, f.148). PROUVÉ.
73	bo	PROUVE	f.124r L11 « 192 26 73 36 53 186 24 29 » glosé « son bon droit » (bo-n) ; + f.138v L13 « 73 36 154 » (sens « bonne »). Place syllabaire b (71 be, 72 bi publiés) cohérente. [v7 : ex-PROUVE_GS rétrogradé par arbitrage coordinateur 23:26] | v8 (r10) : v336 L2 « 73 26 41 183 24 29 » glosé « bon droit » ; v336 L13 « 73 26 154 » glosé « bonne foy » ; v352 L9 « 73 36 154 » glosé « bonne partie » → 3 lettres glosées. PROUVÉ.
114	gu	PROUVE	f.124v « 30 62 186 24 29 114 22 28 183 » glosé « auroit guerre » (gu-e-r-re) ; + f.138r L6 « 114 22 38 183 » (sens « la guerre du Portugal »). Place syllabaire (113 go publié) cohérente. [v7 : ex-PROUVE_GS rétrogradé par arbitrage coordinateur 23:26] | v10 (r14) : 2e LETTRE GLOSÉE = F13 (v409 L2, lettre « Monsieur mon frere » 13/12/1660) « 20 48 189 146 49 204 24 189 101 114 183 » glosé « assez mauvaise figure » (fi-gu-re) ; zoom IIIF chiffres/croissy-rome-1661/ (« 101 114 », net). → f.124v + F13 = 2 lettres glosées ; alternative 113 go / nulle exclue (« figure », « guerre »). PROUVÉ.
173	ju	HYP_FORT	f.124r L13 « 91 173 48 198 79 » glosé « de justice » (ju-s-ti-ce) ; + f.138v L15 et f.139r L1 (sens « juge », « justes », 173 relu par verif-croissy-f138). Homophone de 133/139 ju publiés. [v7 : ex-PROUVE_GS rétrogradé par arbitrage coordinateur 23:26]
345	Espagne	PROUVE	f.124v « 20 206 21 25 345 » glosé « avec l'Espagne » ET « 35 345 105 60 29 » glosé « l'Espagne fust » = 2 passages glosés ; + f.138r L11 « couronne d'[345] » (sens). Ordre alphabétique : 346 espagnols publié. [v7 : ex-PROUVE_GS rétrogradé par arbitrage coordinateur 23:26] | v8 (r10) : v336 L8 « 91 25 345 » glosé « de l'Espagne » ; v336 L11 « 25 345 » glosé « l'Espagne nous joue » ; v352 L23-24 « 53 345 » glosé « d'Espagne » → 3 lettres glosées. PROUVÉ.
123	ho	PROUVE	f.124v « 78 29 123 140 176 » glosé « catholique » ×2 (« avec Sa Mté catholique » ; « que Sa Mté catholique luy donnat ») = 2 passages, 1 lettre. Place syllabaire h (117 ha ?, 118 he, 120 hi publiés). | v8 (r10) : v336 L9 « 21 123 189 » glosé « chose » ; v344 (≈ f.144v, lettre Artois/Concordat) L5 « 89 31 123 165 147 26 29 » glosé « d'achopement » ; v370 (≈ f.157v) L4 « 21 123 189 48 » glosé « choses » → 4 lettres glosées. PROUVÉ.
52	b	HYP	f.124v « 20 60 189 45 52 137 32 » glosé « assemblee » (a-s-se-m-b-le-e). 1 ctx ; soutien structurel (2e rangée 52 b 53 d 54 f …).
350	estat	HYP	f.124r L10 « 189 149 29 22 36 350 » glosé « se mit en estat ». 1 ctx ; ordre alphabétique (346 espagnols < 350 < 355 france).
117	ha	PROUVE	f.124r L8 « 183 136 21 117 60 29 » glosé « relaschast » (re-la-c-ha-s-t). 1 ctx ; place syllabaire (118 he publié). | v8 (r10) : v344 L3 « 21 117 36 108 38 » glosé « changer » (c-ha-n-ge-r) → f.124 + v344 = 2 lettres glosées ; alternative exclue. PROUVÉ.
392	neveu	HYP	f.124r L8 « 192 36 392 » glosé « son Neveu ». 1 ctx ; ordre alphabétique (383 monsieur < 392 < 398 offices).
314	avis ?	HYP	f.124r L8 « 41 314 176 » (glose lue « dans » à 1400 px, probablement « d'avis ») → d-[314] que. 1 ctx, glose incertaine ; ordre alphabétique (313 affaire < 314 < 318 bien).
312	audiance	PROUVE	f.124v « 312 20 206 21 424 » glosé « audiance avec Sa Mté ». 1 ctx. | v10 (r14) : 2e LETTRE GLOSÉE = M2 (v416 L15, lettre à Mazarin déc. 1660) « 91 91 146 36 91 38 25 312 168 49 28 151 65 » glosé « de demander l'audiance pour moy » ; zoom IIIF  (« 25 312 168 », net). → f.124v + M2 = 2 lettres glosées ; code-mot. PROUVÉ.
422	raison	PROUVE	f.124v « 422 153 40 137 » glosé « raisonnable » (raison-na-b-le). 1 ctx ; hors ordre alphabétique (après 414 roy) → prudence. | v10 (r14) : F13 v409 L4 « 136 27 185 26 84 164 137 422 «est» » glosé « La principale raison est » ; zoom IIIF  (« 137 422 », net). → f.124v + F13 = 2 lettres glosées ; code-mot (raison / raisonnable). PROUVÉ.
192	so	PROUVE	PUBLIÉ so (Tomokiyo) et glosé so dans f.124 (« son Neveu », « son bon droit », « resolution ») MAIS glosé si dans f.124r L12 « 192 25 154 » = « s'il ne » + sens si dans f.138v L1 « 192 57 27 137 48 » = « simples » (2 lettres) → deux valeurs : NON compris en mesure sévère (proposition, au coordinateur). [v7 : DOUBLE confirmé par arbitrage 23:26] | v8 (r10) : glosé so 4 fois de plus (v337 L2 « resolution », v352 L7 « somme », L22 « soubçonner », L24 « resolution ») ; 0 nouveau si ; reste DOUBLE. | v10 (r14) : glosé so 8 fois de plus dans 3 lettres (M1 v402 L4 « son grand credit », L13 « son », v403 L1 « resoudre », L7 « soit » ; F13 v410 L1 « souffrir », L7 « soubmissions » ; M2 v416 L11 « son retour », v417 L1 « le soir ») ; 0 nouveau si. Reste DOUBLE (arbitrage) ; décompte total glosé = so 15 (f.124 ×3, r10 ×4, r14 ×8) / si 1 (f.124r L12 « s'il ne ») → proposition au coordinateur. | v11 (r15) : ZOOM IIIF des 2 seuls contextes « si » : f.124r L12 « 103 28 79.19? 25 154 » ( et f.138v L1 « 183 91 19? 57 27 137 48 » ( → 3e chiffre = 1 (hampe à pied, identique au 1 initial du groupe et au 1 final de « 91 » voisin ; le 2 de ce scribe a une panse supérieure, cf. « 192 26 » glosé « son bon » même page, crop  → ces groupes sont 191 = si (PUBLIÉ). Note : la glose « s'il ne » est écrite en début de ligne au-dessus de 103 28 79 (= fin de « force », glosée ligne précédente) ; seul 19? 25 154 peut porter « s'il ne ». Contextes so glosés : 15 dans f.124, A, C, D, M1, F13, M2 ; 0 si → PROUVE so (arbitrage 01:16 : condition « la glose si ne porte pas sur 192 » remplie).
74	NULLE ?	HYP_CONTRADICTION	(complète la ligne v4/v5 « 74 NULLE HYP ») : ≥ 8 grappes de nulles dans f.138 et f.115r « ·74· 81 · 93 » → nulle ; MAIS f.124v « 22 60 199 74 61 » glosé « estoit » (74 à la place de i ; zoom  7 net) → 1 contexte discordant (i omis + nulle, ou homophone). Reste non compris. | v8 (r10) : v336 L3 « 137 49 28 74 82 » glosé « leur » et L15 « 176 74 80 83 176 » glosé « que … que » : 74 non glosé, dans des grappes de nulles (2 contextes nulle de plus, 1 lettre) ; la contradiction f.124v « estoit » demeure → inchangé. | v10 (r14) : M1 v402 L18 « 176 85 74 137 48 198 147 » glosé « que l'on estime » (85 74 ≠ « l'on » ; 1 contexte obscur) → inchangé.
128	je	PROUVE	(rappel, inchangé v3) : f.124r L11 « 89 27 170 128 28 » glosé « d'apuyer » = ye (3e lettre) ; confirme DOUBLE. | v8 (r10) : glosé je (v337 ×2, v344 L2, v370 L8) et ye (v352 L18 « apuyer ») → DOUBLE confirmé. | v10 (r14) : glosé je ×13 (M1, F13, M2) et ye ×2 (M1 v403 L5 « me l'avoyent » = 147 136 209 128 36 61 ; F13 v409 L6 « envoyé », alignement douteux). FAIT STRUCTUREL NOUVEAU : 127 ja (PUBLIEE) est glosé « ayant » = ya dans M2 v417 L4 (« 20 127 36 29 ») et ja dans M1 v402 L17 « jalousie », M2 v416 L13 « desja » → l'alternance j/y est une variante graphique SYSTÉMATIQUE du chiffre (ja/ya, je/ye, ni/ny). Proposition au coordinateur : 128 = je (variante ye), traité comme 158 ni/ny (compris en principale, N en pessimiste). Statut inchangé ici : DOUBLE. | v11 (r15) : ARBITRAGE coordinateur 29/09 01:16 → valeur UNIQUE je à variante graphique i/y (je/ye ; ja/ya : 127 publié glosé « ayant » M2 v417 L4), même traitement que 158 ni/ny : attendu je ou ye = compris en sévère, NON compris en pessimiste.
58	o	PROUVE	(inchangé) : 58 ABSENT de f.124 ; soutien STRUCTUREL nouveau : 2e rangée 52 b, 53 d, 54 f, 57 m (prouvé), 58 o → Tomokiyo 57 = o / 58 = r = décalage d'une case. Contextes : f.106r « ombrage » (glosé) + f.139r « [o]uvert » (sens). Candidat PROUVE_GS, non promu ici (à trancher par vérificateur). [v7 : NON promu ; la valeur publiée 58 = r est contredite → NON compris] | v8 (r10) : v352 L6 « 26 84 23 140 58 154 » glosé « Ronciglione » (r exclu : « Ronciglirne »), relu au zoom IIIF  ; même groupe dans le DUPLICATA v360 (contrôle de transcription seulement) ; v370 L10 « 20 42 54 140 108 58 34 29 » glosé « affligeoit » → f.106r « ombrage » + v352 + v370 = 3 lettres glosées. PROUVÉ, REMPLACE Tomokiyo 58 = r (décalage d'une case, cf. 57).
372	lettre	PROUVE	v336 (f.140v, lettre Castro/Portugal) L16 « 188 372 » glosé « sa lettre » ; v370 (≈ f.157v, autre lettre) L9 « 444 372 » glosé « vostre lettre » → 2 lettres glosées ; code-mot, ordre alphabétique cohérent (370 instances < 372 < 376 modene). (chiffres/croissy-rome-1661/tentatives/r10/v336_FIGEE.txt, v370_FIGEE.txt)
438	temps	PROUVE	v337 (f.141r, fin de la lettre f.140-141) L4 « 137 438 » glosé « le temps » ; v352 (lettre Parme) L3 « 20 438 » glosé « a temps » → 2 lettres glosées ; code-mot.
381	ministre	PROUVE	v360 (duplicata glosé de la lettre Parme v351-352) « 91 381 60 91 383 » glosé « des ministres de monsieur » ; v370 L7 « 27 183 149 32 28 381 » glosé « premier ministre » → 2 lettres glosées ; ordre alphabétique (376 modene < 381 < 383 monsieur).
401	prince	HYP2	v352 L15 « 79 401 » glosé « ce prince » et L21 « 79 401 » glosé « ce prince » = 2 passages, 1 seule lettre → NON compris.
33	g	PROUVE	(base v3 : [g] PUBLIEE_INCERTAINE) v344 (lettre B) L4 « 20 197 60 151 24 33 154 » glosé « a tesmoigné » | v10 (r14) : F13 v409 L5 « 197 60 151 24 33 154 » glosé « tesmoigne » ; F13 v410 L1 « 130 24 33 158 48 » glosé « joignisse » ; M1 v402 L20 « 91 33 142 34 183 » glosé « de gloire » ; M2 v417 L7 « 36 197 48 151 24 33 153 » glosé « (il) en tesmoigna » → 4 lettres glosées (B, F13, M1, M2) ; alternative (nulle, autre lettre) exclue. PROUVÉ, lève les crochets de Tomokiyo.
431	sieur	PROUVE	F13 v410 L4 « 137 92 29 431 320 » glosé « Led. S.r Card.al » ; M2 v416 L9 « 137 92 61 431 322 » glosé « led. S. cardinal antoine » → 2 lettres glosées, même glose abrégée « S.(r) » entre « ledit » et « cardinal » = « ledit sieur cardinal » ; code-mot (1 groupe). Valeur « sieur » = développement de l'abréviation du glossateur. Hors ordre alphabétique strict (424 sa majesté < 431 < 432 satisfaction : « s… » cohérent).
323	cardinal d'Este	HYP2	M2 v416 L8 « 137 60 322 323 91 79 » glosé « les cardinal antoine et card.al d'Est » ; M2 v416 L14 « 137 323 32 61 137 92 61 304 » glosé « le card.al d'Est » (le glossateur avait d'abord écrit « l'abbé Brachesi », barré) = 2 passages d'UNE lettre → HYP2 (NON compris). Ordre alphabétique : 320 cardinal < 322 cardinal antoine < 323. Occurrences NON glosées : f.135 ×4, f.139 ×2, f.162 ×3, f.166 ×1 (sens « M. le [323] »).
307	abbé	HYP	M2 v416 L16 « 30 35 307 40 181 21 118 191 » glosé « a l'abbé Brachesi ». 1 lettre glosée ; f.166 « l'[307] b-ra-c-he-si » (verif-croissy-f166) = sens, non glosé. HYP.
418	roy d'Espagne	HYP	M2 v416 L3 « 95 418 199 49 21 117 26 29 » glosé « du roy d'Espagne touchant ». 1 contexte.
368	intelligence	HYP	M1 v402 L8 « 79 197 73 26 154 368 » glosé « cette bonne intelligence ». 1 contexte ; ordre alphabétique (365 homme < 368 < 369 interest).
77	bu	HYP	M1 v402 L7 « 85 26 29 185 77 32 28 » glosé « contribuer » (co-n-t-ri-bu-e-r). 1 contexte ; place syllabaire b (71 be, 72 bi, 73 bo) cohérente.
300	(uv/ouv ?)	HYP	M2 v416 L10 « 91 48 85 300 185 28 » glosé « descouvrir » (de-s-co-[300]-ri-r) ; f.135 « a[300]gle » (sens « aveugle » ?) ne concorde pas → valeur non établie.
