# Majuscules isolées = homophones de polygrammes (v6). PROUVÉ = ≥ 2 contextes clairs distincts ; HYP = compté non compris. CC BY 4.0.
N	ch	PROUVÉ	noch (f3.U1, f3.L1, f23.23), nach (f3.L5, f24.27), sich (f23.12), durch (f23.21, f24.30), gemacht (f23.26, f23.34)
Y	ei	PROUVÉ	noch zeit (f3.L1), vermeinen (f23.3), keinem (f23.37), einen frieden (f24.2), ein großer (f24.7), der Reise (f23.9), beym (f15.1)
G	ei	PROUVÉ	mit einem Frantzosen (f23.20), seint also verderbet (f24.4), nach seinen quartiren (f24.27), beim König (f3.L2 ; cipher-lab lit Y), König von Böhmen f.12 « b G m »
O	st	PROUVÉ	Kosten (f23.13), Obristen (f23.25), Diensten (f24.21), daselbst (f23.35), es ist aber (f15.2)
Z	st	PROUVÉ	dergestalt (f23.13), Verlust (f15.4)
S	au	PROUVÉ	auf (f3.L6, f23.9, f23.26, f23.32, f24.30…), aus dem Fundament (f23.1)
F	au	PROUVÉ	darauf gehen (f23.7), auf Rechnung (f23.12), auf Marggraf (f23.39)
D	ch	PROUVÉ	ich beim König (f3.L2), nicht (f23.3), er sich habe (f23.6)
X	sch	PROUVÉ	die Schweden (f24.24), der schwedischen Armee (f24.28), Schaden (f23.17), französischen (f24.21)
R	mm	PROUVÉ	kommen (f23.37, f24.21, f24.31…), zusammen (f23.35), Commissarien (f24.1)
E	mm	PROUVÉ	zusammen kommen (f23.35), accommodiren (f24.11)
P	ss	PROUVÉ	wissen (f23.18), ein großer (f24.7), Commissarien (f24.1)
W	ss	PROUVÉ	verflossenen (f23.22), der Assignation (f23.28), unßere (f24.4)
L	tt	PROUVÉ	des platten Landes (f3.U4), Nottdurft (f23.24), hette (f23.34)
T	ff	PROUVÉ	effectivement (f23.4), Marggraff (f23.39)
H	ll	PROUVÉ	sollicitire (f3.L5 « so H icitire »), wollen (f23.19), soll das (f3.U3), alle Monat (f3.U5), alle gefangene zu lösen (f23.8) ; r2 croyait b (aber) : corrigé r3
B	ff	HYP	effectivement (f23.2) seul
M	nn	PROUVÉ	v6 : kö{M}en = können (f18.6 « keinen dinst wirt thun können », glyphe M net r4/f18_1L.jpg) ; kö{M}en = können (f24.11 « wirt nit accommodiren können ») → 2 lettres ; 1 CONTEXTE CONTRAIRE : f25.B1 « {M}erschienenen » = verschienenen attendu (même glyphe M, r6/zB1.jpg) → compté N (« ! »), NON expliqué (faute du chiffreur ?) ; v = 1 seul contexte → pas de 2e valeur établie. v5 : mm/nn? HYP
Q	ai	HYP	kaiserlichen (f24.1) seul
A	t	PROUVÉ	v6 : ha{A} bis dato = hat (f18.8, glyphe A pointu barré = celui de f25.1, r4/f18_1R.jpg ; le vérif. f18 lisait H, mais H = ll ne donne rien) ; mi{A} bracht habe = mit(ge)bracht (f24.3, glyphe A net r7/zA_f24b.jpg) ; ha{A} sich = hat (f25.1, glyphe net r7/zA_f25.jpg) ; appuis : ni{A} alle beieinander = nit (f15.5, A?), mi{A} (f24.20, A?, fin de ligne), zu {O}e{A}in = Stetin ? (f23.38) ; 0 contre (f23.5 « der he{A}e » = hete/hette ?, non contraire). v5 : ? HYP
C	nn?	HYP	r4 : f18.12 « nit nach dem [123] kommen kö{C}en » = können (1 contexte) ; f3.U7 « {C}reisch » opaque
V	?	HYP	1 contexte
GG	?	HYP	1 contexte
1	sch	PROUVÉ	r4 : signe transcrit « 1? » (moi) / « j » (f.18) / « 1 » (vérif.) : der schwedi[sch]en Armee (f24.28), [sch]reiben (f15.2), [sch]on ordre (f23.26), ohne [Sch]aden (f24.20), [sch]werlich (f18.B4) ; NON mesuré avec la table figée
