# Codes ABSENTS de la table « Croissy-Mazarin Cipher (1660) » de S. Tomokiyo, établis par nous sur leurs contextes dans Baluze 178 f.73-74 (statut C). La table de Tomokiyo n'est pas reproduite. Licence CC BY 4.0.
# Les codes à un seul contexte (112- paix, 95- guerre, 131- qua, 36^ ju) restent des hypothèses.
# code	valeur	statut	contextes
R	q?	C	absent de T. ; f.73 L3 « pour ce qui » (HYP)
P	b?	C	f.73 L9 « s'obligeroient » (HYP 1 contexte)
42^	interest	C	f.73 L4 « point d'autre interest que celuy », L16 « aux interests » (HYP, 2 contextes)
56^	luy	C	f.73 L10 « celu[y] qu'ils s'esliroient », L13 « qui lu-i fust » (HYP, 2 contextes)
56:	es	C	f.73 L1 « qu'il estoit » (HYP 1 contexte)
136-	qu'il(s)	C	f.73 L1, L9, L10 (HYP, 3 contextes)
54^	le(s)	C	f.73v L6 « destromper les », L16 « les sentimens », L19 « les assistances », L22 « les moiens », L23 « les sujets » (HYP, 5 contextes ; f.73r L14 à relire)
EM	Eminence	C	f.73 L7 « à vostre Eminence » (HYP 1 contexte)
53^	lu	C	suite 49^ la 50^ le 51^ li 52^ lo → 53^ lu ; f.73v L4 « voulust », L19 « resolution », L21 « plus » (3 contextes)
38^	jo	C	f.73v L3 « adjousta » (1 contexte ; lecture 38/35 douteuse)
37	q	C	f.73v L8 « marquis », L15 « qui », L26 « qui » (3 contextes ; case 37 vide chez T.)
98:	ca	C	suite tréma 99: ce ; f.73v L13 « occasion » (1 contexte)
31	h	C	f.73v L11 « d'Austriche » (1 contexte ; case 31 vide chez T.)
147-	ru	C	suite 143- ra … 146- ro → 147- ru ; f.74r « paru » (1 contexte)
LAM2	o	C	ʌ (≠ λ = i) ; f.73v L3 « doutoit », L13 « occasion » (2 contextes)
4P	p	C	4 barré (≠ ɥ barré = f) ; f.73v L14 « prendre » (1 contexte ; peut-être le 1er rang de p chez T.)
M2B	o	C	m à hampe DEUX fois barrée ; f.73v L27 « trouver » (1 contexte)
QN	n	C	« ♀ à tréma sur crochet » (absent de T.) ; f.74r B04 « desseins », B10 « un » (2 contextes)
57-	avec	C	f.74v V06 « alliance avec la France » ; f.74r A05 « alliance avec les deux » (57 sans macron lu) (2 contextes)
36^	ju	C	suite 32^ ja … 35^ jo → 36^ ju ; f.74r B06 « justice » (1 contexte)
112-	paix	C	f.74r B07 « donner la paix à toutte la chrestienté » (1 contexte)
131-	qua	C	suite 132- que ; f.74r B08 « s'apliqua » (1 contexte)
95-	guerre	C	f.74r B16 « finir cette guerre » (1 contexte)
