# Codes hors de la table de Tomokiyo proposés par le casseur sur les lettres de 1666 : HYPOTHÈSES, NON fusionnées dans la clé et comptées NON comprises dans toutes les mesures. Licence CC BY 4.0.
# code	valeur	statut	contextes
83	Candie	HYP forte (3 ctx)	f.441r L4 « aller en [83] la prendre » ; f.441v B5 « possede en [83] c'estoit sans esperance d'y pouvoir retourner » ; A1 « en mesme temps [83]... » ; CONTRE : f.441r L6 « ve[83]tiene » (= 83t ni, tréma omis ?)
52	le Vizir	HYP forte (2 lettres)	f.441r L2 « que [52] avoit eu ordre du grand seigneur de partir d'Andrinople » ; f.441v A2 « Il est certain que [52] [est] parti d'Andrinople » ; + f.438r ×2 ; clair f.441v « Mon drogman ira joindre le Visi[r] »
64	armée (armé+e)	HYP (2 ctx)	f.441r L5 « l'[64]e venitiene » ; f.441v B6 « les [64]es de la republique »
39m	Venise	HYP (2 ctx)	f.441r L1 « le ministre de la republique de [39m] » ; f.441v B2 « republique de [39m] »
57t	jo	HYP grille (2 ctx)	f.441r L2 « trois [57t]urs » ; f.441v A2-A3 « depuis peu de [57t]urs »
33m	ta	TI confirmé au sens (≥2 ctx)	f.441v A1 « at[33m]qué » ; B1 « secre[33m]ire » ; A4 « tant / avan[33m]ges »
b	é (glyphe)	HYP (2 ctx)	f.441v A1-A2 « la Ca-ne-[b] » (Canée) ; B3 « an-ne-[b] » (année)
99t	de (!)	CONTRADICTION	f.441r L5 « venu [99t]s advis » (sens de) vs L5 g1 « [99t] l luy estoit » (qu'il = glose qui) → double valeur, N
83	Candie	HYP forte (3 ctx, 1 lettre)	+ A1 « attaqué en mesme temps [83] n.e.u.ve et la Canée » (Candie-la-Neuve) ; f.441r L6 83 nu = 'ni' tréma oublié (N)
Gb	e	HYP forte (3 ctx)	Ca.n.e.[b] (Canée) ; a.n.n.e.[b] (année) ; c.a.n.di.[b] (Candie) ; série glyphes-voyelles d=a b=e c=i a=o η=u
59	<null>	HYP (2 ctx)	A3 « que 59 61 les [40m] ayent » ; A7 « Candie 59. » ; cf. 59m/60m/61m nulles T.
60	<null>	HYP (1 ctx)	B1 « J'ay reconu 60 par les discours »
61	<null>	HYP (1 ctx)	A3 « que 59 61 les »
48t	hommes ?	HYP (1 ctx)	A4-A5 « avec dix mi|l [48t]s attaquer »
87t	où ?	HYP (1 ctx sûr)	A5 « ces deux places [87t] sont toutes les forces » ; f.441r L4 87t dans passage non compris
40m	Venitiens ?	HYP (1 ctx)	A3 « je doubte que les [40m] ayent remporté »
81	cour ?	HYP (1 ctx)	B1 « di.s.[81].s » (discours)
18t	?	(1 ctx)	A6 « forces du [GS] [18t] le royaume » (dans ?) ; case VIDE chez T.
97t 51m	?	(1 ctx)	B2 « republique de [Venise] [97t][51m].n.t faict cette année » (qu'ils ont ?)
36t	?	(1 ctx)	f.441r L6 « de.[36t].s progres » (superflu ?)
99t	qui / de	DOUBLE VALEUR (N)	glosé qui (f.484r) ; 'de' f.441r L5 g11 ET f.438r L2 g1 -> 2 lettres avec 'de' ; f.441r L5 g1 = qu'il (qui)
